Column A,Column B,Correlation
ID,Machine,-0.4204148370531641
ID,SizeOfOptionalHeader,-0.41932746167769275
ID,Characteristics,-0.1712074325541321
ID,MajorLinkerVersion,-0.008460266628808052
ID,MinorLinkerVersion,0.11739041378409792
ID,SizeOfCode,-0.012419023287471909
ID,SizeOfInitializedData,0.0012375441778495018
ID,SizeOfUninitializedData,0.006814414920636934
ID,AddressOfEntryPoint,-0.0019266984030097347
ID,BaseOfCode,0.005199542852599309
ID,BaseOfData,0.0018684789760037251
ID,ImageBase,-0.007114657620977277
ID,SectionAlignment,-0.0001985847744835432
ID,FileAlignment,-0.1001664626523056
ID,MajorOperatingSystemVersion,-0.002469077780235542
ID,MinorOperatingSystemVersion,0.005350133317421499
ID,MajorImageVersion,-0.0686338647600183
ID,MinorImageVersion,-0.06756254731662271
ID,MajorSubsystemVersion,-0.2928053967913901
ID,MinorSubsystemVersion,0.004115488887009038
ID,SizeOfImage,0.000795367624140504
ID,SizeOfHeaders,-0.005238172748034962
ID,CheckSum,0.1538714727779735
ID,Subsystem,-0.40487778907522887
ID,DllCharacteristics,0.4927815002949338
ID,SizeOfStackReserve,0.40958816049831936
ID,SizeOfStackCommit,0.000673436849160593
ID,SizeOfHeapReserve,0.12995883348916304
ID,SizeOfHeapCommit,0.00508173425481479
ID,LoaderFlags,0.004866544884734442
ID,NumberOfRvaAndSizes,0.004976311866596577
ID,SectionsNb,0.1681400815319125
ID,SectionsMeanEntropy,0.26807370210356174
ID,SectionsMinEntropy,0.11590452055506556
ID,SectionsMaxEntropy,0.486332109232348
ID,SectionsMeanRawsize,-0.0030166971082161383
ID,SectionsMinRawsize,-0.05244592222632275
ID,SectionMaxRawsize,-0.0015404500173249616
ID,SectionsMeanVirtualsize,-0.0033740713920342837
ID,SectionsMinVirtualsize,-0.050240665286009956
ID,SectionMaxVirtualsize,-0.00024056783072676487
ID,ImportsNbDLL,-0.033553367197355265
ID,ImportsNb,-0.08245438536146646
ID,ImportsNbOrdinal,-0.10317321481058857
ID,ExportNb,-0.10474989332975251
ID,ResourcesNb,-0.07148368291312424
ID,ResourcesMeanEntropy,0.16092119981891018
ID,ResourcesMinEntropy,-0.23320619848317684
ID,ResourcesMaxEntropy,0.3079862218348937
ID,ResourcesMeanSize,0.002464704723143311
ID,ResourcesMinSize,0.0007949876313488298
ID,ResourcesMaxSize,0.004917196188963266
ID,LoadConfigurationSize,0.008840399799543479
ID,VersionInformationSize,-0.2996720288992205
ID,legitimate,-0.7932255601924322
Machine,SizeOfOptionalHeader,0.9975412077815976
Machine,Characteristics,0.11455965551602307
Machine,MajorLinkerVersion,0.04525404893814045
Machine,MinorLinkerVersion,-0.11299147353409662
Machine,SizeOfCode,0.013377980984602954
Machine,SizeOfInitializedData,-0.0015112987296884398
Machine,SizeOfUninitializedData,-0.0022250448445849747
Machine,AddressOfEntryPoint,0.007992727783830552
Machine,BaseOfCode,-0.003476127928649023
Machine,BaseOfData,-0.03651781561094244
Machine,ImageBase,0.014930287693324296
Machine,SectionAlignment,-0.0014724058876959916
Machine,FileAlignment,-0.03811244695293944
Machine,MajorOperatingSystemVersion,0.002570289793175286
Machine,MinorOperatingSystemVersion,0.0003611153065427171
Machine,MajorImageVersion,0.059848481285210114
Machine,MinorImageVersion,0.05896292254394136
Machine,MajorSubsystemVersion,0.431452034051473
Machine,MinorSubsystemVersion,-0.00033267870736269244
Machine,SizeOfImage,0.008351552686846701
Machine,SizeOfHeaders,-0.013336197664276869
Machine,CheckSum,-0.10808267241958477
Machine,Subsystem,0.2995749337018856
Machine,DllCharacteristics,-0.366343489419567
Machine,SizeOfStackReserve,-0.32167065404239054
Machine,SizeOfStackCommit,0.006597992374144324
Machine,SizeOfHeapReserve,-0.10163720553413022
Machine,SizeOfHeapCommit,-0.0013864492889288686
Machine,LoaderFlags,-0.0014626309048745394
Machine,NumberOfRvaAndSizes,-0.0019455790818722028
Machine,SectionsNb,0.022222933232716506
Machine,SectionsMeanEntropy,-0.19869605355381303
Machine,SectionsMinEntropy,-0.073418050583089
Machine,SectionsMaxEntropy,-0.3607623549432159
Machine,SectionsMeanRawsize,0.0013915727313952007
Machine,SectionsMinRawsize,0.045414410019507134
Machine,SectionMaxRawsize,0.0007405452811928042
Machine,SectionsMeanVirtualsize,0.002761929182934865
Machine,SectionsMinVirtualsize,0.04377268802553129
Machine,SectionMaxVirtualsize,0.0024544415030515964
Machine,ImportsNbDLL,0.0812435469494867
Machine,ImportsNb,0.11549659846661882
Machine,ImportsNbOrdinal,0.0823666151959942
Machine,ExportNb,0.06364233984782779
Machine,ResourcesNb,0.058073860880241475
Machine,ResourcesMeanEntropy,-0.09405476561390368
Machine,ResourcesMinEntropy,0.1643935824436133
Machine,ResourcesMaxEntropy,-0.1877366699487258
Machine,ResourcesMeanSize,-0.002039258044632701
Machine,ResourcesMinSize,-0.0009816312052247126
Machine,ResourcesMaxSize,-0.003153248427594143
Machine,LoadConfigurationSize,-0.006442117957520227
Machine,VersionInformationSize,0.2140029824254484
Machine,legitimate,0.5488345367827636
SizeOfOptionalHeader,Characteristics,0.11488900743976486
SizeOfOptionalHeader,MajorLinkerVersion,0.04481516716081744
SizeOfOptionalHeader,MinorLinkerVersion,-0.11243856186314927
SizeOfOptionalHeader,SizeOfCode,0.013336966849826763
SizeOfOptionalHeader,SizeOfInitializedData,-0.001513503175978475
SizeOfOptionalHeader,SizeOfUninitializedData,-0.002218673794364809
SizeOfOptionalHeader,AddressOfEntryPoint,0.007977628938768355
SizeOfOptionalHeader,BaseOfCode,-0.003462030123326101
SizeOfOptionalHeader,BaseOfData,-0.03643599927866195
SizeOfOptionalHeader,ImageBase,0.014893560538786517
SizeOfOptionalHeader,SectionAlignment,-0.0014700136966051772
SizeOfOptionalHeader,FileAlignment,-0.03793918845462124
SizeOfOptionalHeader,MajorOperatingSystemVersion,0.002560988381503434
SizeOfOptionalHeader,MinorOperatingSystemVersion,0.0003561239001678618
SizeOfOptionalHeader,MajorImageVersion,0.05969057106535411
SizeOfOptionalHeader,MinorImageVersion,0.058807412009161585
SizeOfOptionalHeader,MajorSubsystemVersion,0.43008020550640774
SizeOfOptionalHeader,MinorSubsystemVersion,-0.0003341143055786515
SizeOfOptionalHeader,SizeOfImage,0.00830724627068691
SizeOfOptionalHeader,SizeOfHeaders,-0.013253054653665278
SizeOfOptionalHeader,CheckSum,-0.1079166252752683
SizeOfOptionalHeader,Subsystem,0.2988670654959395
SizeOfOptionalHeader,DllCharacteristics,-0.36585456312039616
SizeOfOptionalHeader,SizeOfStackReserve,-0.3204680600009183
SizeOfOptionalHeader,SizeOfStackCommit,0.006729744442201201
SizeOfOptionalHeader,SizeOfHeapReserve,-0.10137110216022586
SizeOfOptionalHeader,SizeOfHeapCommit,-0.0013842732506169032
SizeOfOptionalHeader,LoaderFlags,-0.0014603788575860673
SizeOfOptionalHeader,NumberOfRvaAndSizes,-0.0019425832273265743
SizeOfOptionalHeader,SectionsNb,0.022337075018540348
SizeOfOptionalHeader,SectionsMeanEntropy,-0.19877365393682142
SizeOfOptionalHeader,SectionsMinEntropy,-0.07350273212466182
SizeOfOptionalHeader,SectionsMaxEntropy,-0.35987970993369145
SizeOfOptionalHeader,SectionsMeanRawsize,0.0013816911142782396
SizeOfOptionalHeader,SectionsMinRawsize,0.045293448490456995
SizeOfOptionalHeader,SectionMaxRawsize,0.0007331652925702234
SizeOfOptionalHeader,SectionsMeanVirtualsize,0.002745047542328959
SizeOfOptionalHeader,SectionsMinVirtualsize,0.0436538274019844
SizeOfOptionalHeader,SectionMaxVirtualsize,0.002439146514458618
SizeOfOptionalHeader,ImportsNbDLL,0.08108886808486863
SizeOfOptionalHeader,ImportsNb,0.11499157916425315
SizeOfOptionalHeader,ImportsNbOrdinal,0.08213737420815989
SizeOfOptionalHeader,ExportNb,0.06346538647577421
SizeOfOptionalHeader,ResourcesNb,0.05789746871190089
SizeOfOptionalHeader,ResourcesMeanEntropy,-0.093525994313879
SizeOfOptionalHeader,ResourcesMinEntropy,0.16438039255434547
SizeOfOptionalHeader,ResourcesMaxEntropy,-0.1871200380714136
SizeOfOptionalHeader,ResourcesMeanSize,-0.002036494461519508
SizeOfOptionalHeader,ResourcesMinSize,-0.0009801378867643137
SizeOfOptionalHeader,ResourcesMaxSize,-0.003149182008260365
SizeOfOptionalHeader,LoadConfigurationSize,-0.006432199013333557
SizeOfOptionalHeader,VersionInformationSize,0.2131503391778945
SizeOfOptionalHeader,legitimate,0.5474980628143479
Characteristics,MajorLinkerVersion,-0.395516331621981
Characteristics,MinorLinkerVersion,0.393973821383922
Characteristics,SizeOfCode,0.013139773550491157
Characteristics,SizeOfInitializedData,-0.0026221790032771664
Characteristics,SizeOfUninitializedData,0.003176567630423473
Characteristics,AddressOfEntryPoint,0.046333994086990474
Characteristics,BaseOfCode,0.013800922932796444
Characteristics,BaseOfData,0.09141948514167929
Characteristics,ImageBase,-0.002897010465850775
Characteristics,SectionAlignment,-0.0023063854466179984
Characteristics,FileAlignment,0.024523309008599534
Characteristics,MajorOperatingSystemVersion,-0.0054769594853571035
Characteristics,MinorOperatingSystemVersion,-0.0017999077207775252
Characteristics,MajorImageVersion,0.01841254387369069
Characteristics,MinorImageVersion,0.01747679069638745
Characteristics,MajorSubsystemVersion,-0.13982354374401423
Characteristics,MinorSubsystemVersion,0.0005168263885203
Characteristics,SizeOfImage,0.01763408984961836
Characteristics,SizeOfHeaders,0.021384062939990386
Characteristics,CheckSum,0.07927746884027957
Characteristics,Subsystem,0.12602129465651152
Characteristics,DllCharacteristics,-0.5493018031800626
Characteristics,SizeOfStackReserve,-0.1600812460172053
Characteristics,SizeOfStackCommit,0.1406510874962105
Characteristics,SizeOfHeapReserve,-0.0531549499649831
Characteristics,SizeOfHeapCommit,0.0009699989758232665
Characteristics,LoaderFlags,0.0018857610649001203
Characteristics,NumberOfRvaAndSizes,0.0021832460131705534
Characteristics,SectionsNb,0.16257966528848705
Characteristics,SectionsMeanEntropy,-0.5176527242070409
Characteristics,SectionsMinEntropy,-0.35993732047497506
Characteristics,SectionsMaxEntropy,-0.27341714485110685
Characteristics,SectionsMeanRawsize,0.00890983834780812
Characteristics,SectionsMinRawsize,0.015136248815970645
Characteristics,SectionMaxRawsize,0.010545525862741911
Characteristics,SectionsMeanVirtualsize,0.009057264704647081
Characteristics,SectionsMinVirtualsize,0.0172921643000876
Characteristics,SectionMaxVirtualsize,0.005600824464723617
Characteristics,ImportsNbDLL,0.25119930757606457
Characteristics,ImportsNb,0.007798863975807837
Characteristics,ImportsNbOrdinal,0.012963570095339083
Characteristics,ExportNb,0.03001600347737408
Characteristics,ResourcesNb,0.08399911397599656
Characteristics,ResourcesMeanEntropy,-0.13011373777871665
Characteristics,ResourcesMinEntropy,-0.0742492855591096
Characteristics,ResourcesMaxEntropy,-0.1504250746830351
Characteristics,ResourcesMeanSize,-0.003146284902549393
Characteristics,ResourcesMinSize,-0.0013942679382375003
Characteristics,ResourcesMaxSize,-0.0033856256227182673
Characteristics,LoadConfigurationSize,-0.00848536443312988
Characteristics,VersionInformationSize,0.0837199518995653
Characteristics,legitimate,0.22195591614541238
MajorLinkerVersion,MinorLinkerVersion,-0.3604266852789382
MajorLinkerVersion,SizeOfCode,0.05462203236507645
MajorLinkerVersion,SizeOfInitializedData,0.01723539073833369
MajorLinkerVersion,SizeOfUninitializedData,0.2141665388306651
MajorLinkerVersion,AddressOfEntryPoint,-0.01986793080031934
MajorLinkerVersion,BaseOfCode,0.05771717898334814
MajorLinkerVersion,BaseOfData,-0.03154768486767921
MajorLinkerVersion,ImageBase,0.000501044634308064
MajorLinkerVersion,SectionAlignment,0.0004448879723589033
MajorLinkerVersion,FileAlignment,-0.012470743842486323
MajorLinkerVersion,MajorOperatingSystemVersion,0.0021351650491078632
MajorLinkerVersion,MinorOperatingSystemVersion,-0.003120565065406497
MajorLinkerVersion,MajorImageVersion,0.008089084069874105
MajorLinkerVersion,MinorImageVersion,0.008048228745262493
MajorLinkerVersion,MajorSubsystemVersion,0.3477053269496644
MajorLinkerVersion,MinorSubsystemVersion,-0.0015030610726149047
MajorLinkerVersion,SizeOfImage,-0.0015005390663195364
MajorLinkerVersion,SizeOfHeaders,-0.014025640475256753
MajorLinkerVersion,CheckSum,0.006981553756463866
MajorLinkerVersion,Subsystem,0.008788849844531824
MajorLinkerVersion,DllCharacteristics,0.19755289649312435
MajorLinkerVersion,SizeOfStackReserve,-0.12204223606130071
MajorLinkerVersion,SizeOfStackCommit,-0.07330375918652875
MajorLinkerVersion,SizeOfHeapReserve,0.01399768144870152
MajorLinkerVersion,SizeOfHeapCommit,-0.0024477967175309855
MajorLinkerVersion,LoaderFlags,-0.0027250044149551636
MajorLinkerVersion,NumberOfRvaAndSizes,-0.00361650168244338
MajorLinkerVersion,SectionsNb,-0.14163796359108471
MajorLinkerVersion,SectionsMeanEntropy,0.3298987905997988
MajorLinkerVersion,SectionsMinEntropy,0.32752939744514065
MajorLinkerVersion,SectionsMaxEntropy,0.13071821166224526
MajorLinkerVersion,SectionsMeanRawsize,-0.004347976907888248
MajorLinkerVersion,SectionsMinRawsize,0.006639506966603951
MajorLinkerVersion,SectionMaxRawsize,-0.005041428040780501
MajorLinkerVersion,SectionsMeanVirtualsize,-0.004652241866925738
MajorLinkerVersion,SectionsMinVirtualsize,0.005003429110395159
MajorLinkerVersion,SectionMaxVirtualsize,-0.0030976990167200192
MajorLinkerVersion,ImportsNbDLL,-0.15883419596613563
MajorLinkerVersion,ImportsNb,-0.0010760449410699773
MajorLinkerVersion,ImportsNbOrdinal,0.024693499074941245
MajorLinkerVersion,ExportNb,-0.0036130500675161468
MajorLinkerVersion,ResourcesNb,-0.016605050611655525
MajorLinkerVersion,ResourcesMeanEntropy,0.10958640007070433
MajorLinkerVersion,ResourcesMinEntropy,0.1059251866323442
MajorLinkerVersion,ResourcesMaxEntropy,0.08363419765448406
MajorLinkerVersion,ResourcesMeanSize,-0.005227360409483202
MajorLinkerVersion,ResourcesMinSize,-0.003717163207438609
MajorLinkerVersion,ResourcesMaxSize,-0.004541570587676893
MajorLinkerVersion,LoadConfigurationSize,-0.004779048356292122
MajorLinkerVersion,VersionInformationSize,0.051426651012568436
MajorLinkerVersion,legitimate,0.017319698742537634
MinorLinkerVersion,SizeOfCode,0.018555635055670327
MinorLinkerVersion,SizeOfInitializedData,0.0006553950586571636
MinorLinkerVersion,SizeOfUninitializedData,0.08433396365458141
MinorLinkerVersion,AddressOfEntryPoint,0.025913414435195004
MinorLinkerVersion,BaseOfCode,0.030301618926423097
MinorLinkerVersion,BaseOfData,0.037720224798100166
MinorLinkerVersion,ImageBase,-0.0017349870823699914
MinorLinkerVersion,SectionAlignment,-0.0016596490878249836
MinorLinkerVersion,FileAlignment,-0.026037923619851626
MinorLinkerVersion,MajorOperatingSystemVersion,0.0020397086540856566
MinorLinkerVersion,MinorOperatingSystemVersion,0.04312520954134595
MinorLinkerVersion,MajorImageVersion,-0.013461663822512281
MinorLinkerVersion,MinorImageVersion,-0.01404898807298868
MinorLinkerVersion,MajorSubsystemVersion,-0.38309234397581887
MinorLinkerVersion,MinorSubsystemVersion,0.005000081354385059
MinorLinkerVersion,SizeOfImage,0.0026374392940434915
MinorLinkerVersion,SizeOfHeaders,0.006245042882928203
MinorLinkerVersion,CheckSum,0.026364006249191108
MinorLinkerVersion,Subsystem,-0.08297907883676225
MinorLinkerVersion,DllCharacteristics,-0.12397988801312386
MinorLinkerVersion,SizeOfStackReserve,0.32705015118342107
MinorLinkerVersion,SizeOfStackCommit,0.07293169178873443
MinorLinkerVersion,SizeOfHeapReserve,0.012200857517000865
MinorLinkerVersion,SizeOfHeapCommit,0.005828811292285742
MinorLinkerVersion,LoaderFlags,0.0065641957024094415
MinorLinkerVersion,NumberOfRvaAndSizes,0.006478702004833177
MinorLinkerVersion,SectionsNb,0.2672610026673721
MinorLinkerVersion,SectionsMeanEntropy,-0.374566058852457
MinorLinkerVersion,SectionsMinEntropy,-0.3494126457825031
MinorLinkerVersion,SectionsMaxEntropy,-0.08397137435060444
MinorLinkerVersion,SectionsMeanRawsize,-0.003534396053679829
MinorLinkerVersion,SectionsMinRawsize,-0.015156992644116147
MinorLinkerVersion,SectionMaxRawsize,-0.001943402507927695
MinorLinkerVersion,SectionsMeanVirtualsize,0.0009318553494713312
MinorLinkerVersion,SectionsMinVirtualsize,-0.013214419713649807
MinorLinkerVersion,SectionMaxVirtualsize,-6.851996748657412e-05
MinorLinkerVersion,ImportsNbDLL,0.19015056467607233
MinorLinkerVersion,ImportsNb,0.01758114303371897
MinorLinkerVersion,ImportsNbOrdinal,-0.02646419093427923
MinorLinkerVersion,ExportNb,-0.014936425789313076
MinorLinkerVersion,ResourcesNb,0.012708742069255421
MinorLinkerVersion,ResourcesMeanEntropy,-0.04530418396043929
MinorLinkerVersion,ResourcesMinEntropy,-0.1193153767286066
MinorLinkerVersion,ResourcesMaxEntropy,0.0006010731361793417
MinorLinkerVersion,ResourcesMeanSize,-0.0017810387834918053
MinorLinkerVersion,ResourcesMinSize,-0.0006664340171106248
MinorLinkerVersion,ResourcesMaxSize,-0.0015380058892209066
MinorLinkerVersion,LoadConfigurationSize,-0.005353119509115546
MinorLinkerVersion,VersionInformationSize,-0.28400619616976597
MinorLinkerVersion,legitimate,-0.14665161333016838
SizeOfCode,SizeOfInitializedData,0.4610450481447617
SizeOfCode,SizeOfUninitializedData,0.0007231264740529379
SizeOfCode,AddressOfEntryPoint,0.021390902094004686
SizeOfCode,BaseOfCode,0.8424564534486407
SizeOfCode,BaseOfData,0.039699510655799346
SizeOfCode,ImageBase,0.00019861565652303615
SizeOfCode,SectionAlignment,-0.0001781748390547752
SizeOfCode,FileAlignment,0.009514921378657492
SizeOfCode,MajorOperatingSystemVersion,0.0001855119594997374
SizeOfCode,MinorOperatingSystemVersion,-1.881417029974517e-05
SizeOfCode,MajorImageVersion,0.00827884548222247
SizeOfCode,MinorImageVersion,0.008258135078202422
SizeOfCode,MajorSubsystemVersion,0.006917573305718773
SizeOfCode,MinorSubsystemVersion,-0.00014140135315640834
SizeOfCode,SizeOfImage,0.02797913406429992
SizeOfCode,SizeOfHeaders,0.003179734150688572
SizeOfCode,CheckSum,-0.00745068609523082
SizeOfCode,Subsystem,0.00170955959200027
SizeOfCode,DllCharacteristics,-0.026247247025703746
SizeOfCode,SizeOfStackReserve,-0.006457886382986431
SizeOfCode,SizeOfStackCommit,0.002332557576235656
SizeOfCode,SizeOfHeapReserve,0.0043389748555085405
SizeOfCode,SizeOfHeapCommit,-0.0001001330200702168
SizeOfCode,LoaderFlags,-9.261464700730833e-05
SizeOfCode,NumberOfRvaAndSizes,0.00028486327708595515
SizeOfCode,SectionsNb,0.010079220301658523
SizeOfCode,SectionsMeanEntropy,0.0006554426458305418
SizeOfCode,SectionsMinEntropy,-0.00886702800547671
SizeOfCode,SectionsMaxEntropy,-0.0010525622572948596
SizeOfCode,SectionsMeanRawsize,0.003343034039036882
SizeOfCode,SectionsMinRawsize,-0.000694938580320063
SizeOfCode,SectionMaxRawsize,0.003687776407811276
SizeOfCode,SectionsMeanVirtualsize,0.008192107005719627
SizeOfCode,SectionsMinVirtualsize,0.0004361855656493711
SizeOfCode,SectionMaxVirtualsize,0.010057475010961893
SizeOfCode,ImportsNbDLL,0.024630248237846764
SizeOfCode,ImportsNb,0.05910676235021279
SizeOfCode,ImportsNbOrdinal,0.04300406862087662
SizeOfCode,ExportNb,0.027272224860077986
SizeOfCode,ResourcesNb,0.028803845994655117
SizeOfCode,ResourcesMeanEntropy,0.0010350447724625414
SizeOfCode,ResourcesMinEntropy,-0.026328379570088475
SizeOfCode,ResourcesMaxEntropy,0.011212527489638266
SizeOfCode,ResourcesMeanSize,-0.00014814079569949498
SizeOfCode,ResourcesMinSize,-0.00011237944476642446
SizeOfCode,ResourcesMaxSize,0.00019046862642504712
SizeOfCode,LoadConfigurationSize,-0.0006682558154080502
SizeOfCode,VersionInformationSize,0.008536150639624783
SizeOfCode,legitimate,0.01747606138544828
SizeOfInitializedData,SizeOfUninitializedData,-0.00011423072869058724
SizeOfInitializedData,AddressOfEntryPoint,0.0016002608447067026
SizeOfInitializedData,BaseOfCode,0.21246977471277945
SizeOfInitializedData,BaseOfData,0.001646937096118075
SizeOfInitializedData,ImageBase,4.651967600515575e-06
SizeOfInitializedData,SectionAlignment,-2.5431054584368852e-05
SizeOfInitializedData,FileAlignment,0.0032067170943619445
SizeOfInitializedData,MajorOperatingSystemVersion,-3.980865434639358e-05
SizeOfInitializedData,MinorOperatingSystemVersion,-9.974196302655198e-05
SizeOfInitializedData,MajorImageVersion,-0.0007162552544832993
SizeOfInitializedData,MinorImageVersion,-0.0007179462431571765
SizeOfInitializedData,MajorSubsystemVersion,-0.003037025979637641
SizeOfInitializedData,MinorSubsystemVersion,-6.832205772206105e-05
SizeOfInitializedData,SizeOfImage,0.1498382858540561
SizeOfInitializedData,SizeOfHeaders,0.00021416654141530957
SizeOfInitializedData,CheckSum,0.0002927744015267882
SizeOfInitializedData,Subsystem,-0.007701191790799666
SizeOfInitializedData,DllCharacteristics,-0.0076652455798281015
SizeOfInitializedData,SizeOfStackReserve,-0.0013609679021744808
SizeOfInitializedData,SizeOfStackCommit,-0.0010598701877639041
SizeOfInitializedData,SizeOfHeapReserve,-0.0009648704842342946
SizeOfInitializedData,SizeOfHeapCommit,-5.7329997870063624e-05
SizeOfInitializedData,LoaderFlags,-6.239778899721692e-05
SizeOfInitializedData,NumberOfRvaAndSizes,3.052723294015913e-05
SizeOfInitializedData,SectionsNb,-0.0042492346877838535
SizeOfInitializedData,SectionsMeanEntropy,-0.00031373838621069275
SizeOfInitializedData,SectionsMinEntropy,-0.0002846411059041118
SizeOfInitializedData,SectionsMaxEntropy,0.000668507514752707
SizeOfInitializedData,SectionsMeanRawsize,0.003816255183464273
SizeOfInitializedData,SectionsMinRawsize,0.016119976663194757
SizeOfInitializedData,SectionMaxRawsize,0.0036283751246661863
SizeOfInitializedData,SectionsMeanVirtualsize,0.07209609596992529
SizeOfInitializedData,SectionsMinVirtualsize,0.016381989296672658
SizeOfInitializedData,SectionMaxVirtualsize,0.07534831232655714
SizeOfInitializedData,ImportsNbDLL,-0.002669861505725786
SizeOfInitializedData,ImportsNb,0.009812339338770305
SizeOfInitializedData,ImportsNbOrdinal,0.00721882938792696
SizeOfInitializedData,ExportNb,0.002242102089273693
SizeOfInitializedData,ResourcesNb,0.01989979398802402
SizeOfInitializedData,ResourcesMeanEntropy,-0.0041305023016676105
SizeOfInitializedData,ResourcesMinEntropy,-0.01794665963647498
SizeOfInitializedData,ResourcesMaxEntropy,0.004258412269944885
SizeOfInitializedData,ResourcesMeanSize,0.00018423031646219438
SizeOfInitializedData,ResourcesMinSize,-5.637374440914033e-05
SizeOfInitializedData,ResourcesMaxSize,0.002666217866672176
SizeOfInitializedData,LoadConfigurationSize,-0.00034117728765181173
SizeOfInitializedData,VersionInformationSize,-0.0053385465485155745
SizeOfInitializedData,legitimate,-0.0049576145208243055
SizeOfUninitializedData,AddressOfEntryPoint,0.004788068139883552
SizeOfUninitializedData,BaseOfCode,0.0021698056057265084
SizeOfUninitializedData,BaseOfData,0.007588621768632724
SizeOfUninitializedData,ImageBase,-3.3267464530718855e-05
SizeOfUninitializedData,SectionAlignment,-3.184300820837221e-05
SizeOfUninitializedData,FileAlignment,-0.0008508712799472534
SizeOfUninitializedData,MajorOperatingSystemVersion,-1.606515339275999e-05
SizeOfUninitializedData,MinorOperatingSystemVersion,-3.62916904677989e-05
SizeOfUninitializedData,MajorImageVersion,-0.00035433234834877236
SizeOfUninitializedData,MinorImageVersion,-0.0003506613633401847
SizeOfUninitializedData,MajorSubsystemVersion,-0.00016940377030578638
SizeOfUninitializedData,MinorSubsystemVersion,-2.7526093921497285e-05
SizeOfUninitializedData,SizeOfImage,0.002118922665665297
SizeOfUninitializedData,SizeOfHeaders,0.0008134600678543823
SizeOfUninitializedData,CheckSum,-0.001789238924389517
SizeOfUninitializedData,Subsystem,-0.0020453445975026083
SizeOfUninitializedData,DllCharacteristics,-0.007708110995019989
SizeOfUninitializedData,SizeOfStackReserve,0.0023989719379046265
SizeOfUninitializedData,SizeOfStackCommit,0.0005970660006107379
SizeOfUninitializedData,SizeOfHeapReserve,0.0007346164272050422
SizeOfUninitializedData,SizeOfHeapCommit,-2.3579619959337775e-05
SizeOfUninitializedData,LoaderFlags,-2.5016807809708254e-05
SizeOfUninitializedData,NumberOfRvaAndSizes,-1.5075565978823968e-05
SizeOfUninitializedData,SectionsNb,0.005103328164867796
SizeOfUninitializedData,SectionsMeanEntropy,-0.003181482215852333
SizeOfUninitializedData,SectionsMinEntropy,-0.0063916107219170026
SizeOfUninitializedData,SectionsMaxEntropy,0.002651856500819268
SizeOfUninitializedData,SectionsMeanRawsize,9.282773102485358e-05
SizeOfUninitializedData,SectionsMinRawsize,-0.00033774260134400414
SizeOfUninitializedData,SectionMaxRawsize,6.071566380805545e-05
SizeOfUninitializedData,SectionsMeanVirtualsize,0.0011709738939224784
SizeOfUninitializedData,SectionsMinVirtualsize,-0.00019897894689872882
SizeOfUninitializedData,SectionMaxVirtualsize,0.0007375536582467445
SizeOfUninitializedData,ImportsNbDLL,0.0028577352274669495
SizeOfUninitializedData,ImportsNb,-0.0008463594132662902
SizeOfUninitializedData,ImportsNbOrdinal,-0.000696459302659795
SizeOfUninitializedData,ExportNb,-0.00045588366573398354
SizeOfUninitializedData,ResourcesNb,0.000861520936583943
SizeOfUninitializedData,ResourcesMeanEntropy,-0.010962753820826477
SizeOfUninitializedData,ResourcesMinEntropy,-0.015359484018555357
SizeOfUninitializedData,ResourcesMaxEntropy,-0.010894318501438053
SizeOfUninitializedData,ResourcesMeanSize,-2.9685784269811286e-05
SizeOfUninitializedData,ResourcesMinSize,-1.7251288816348266e-05
SizeOfUninitializedData,ResourcesMaxSize,0.0002304883028018257
SizeOfUninitializedData,LoadConfigurationSize,-0.00010933530518591561
SizeOfUninitializedData,VersionInformationSize,-0.007730024602355583
SizeOfUninitializedData,legitimate,-0.0039970704592098266
AddressOfEntryPoint,BaseOfCode,0.04332840338510482
AddressOfEntryPoint,BaseOfData,0.16693370209408023
AddressOfEntryPoint,ImageBase,0.0032024473693129853
AddressOfEntryPoint,SectionAlignment,0.1821993379287717
AddressOfEntryPoint,FileAlignment,0.006888650098745912
AddressOfEntryPoint,MajorOperatingSystemVersion,-0.00017018344907259724
AddressOfEntryPoint,MinorOperatingSystemVersion,-0.00038258731509841794
AddressOfEntryPoint,MajorImageVersion,0.004900772167353543
AddressOfEntryPoint,MinorImageVersion,0.004929207195665751
AddressOfEntryPoint,MajorSubsystemVersion,-0.004548226436697313
AddressOfEntryPoint,MinorSubsystemVersion,-0.00025218348263599926
AddressOfEntryPoint,SizeOfImage,0.2244577910449795
AddressOfEntryPoint,SizeOfHeaders,0.01055740629100439
AddressOfEntryPoint,CheckSum,-0.01241900775267086
AddressOfEntryPoint,Subsystem,-0.0003475468631974258
AddressOfEntryPoint,DllCharacteristics,-0.031609036779494754
AddressOfEntryPoint,SizeOfStackReserve,0.004618144059370438
AddressOfEntryPoint,SizeOfStackCommit,0.009387653082126782
AddressOfEntryPoint,SizeOfHeapReserve,-0.000566761951343752
AddressOfEntryPoint,SizeOfHeapCommit,-0.000186110940271237
AddressOfEntryPoint,LoaderFlags,-0.00019714780345458954
AddressOfEntryPoint,NumberOfRvaAndSizes,-0.00024492636812500055
AddressOfEntryPoint,SectionsNb,-0.0015944415611444576
AddressOfEntryPoint,SectionsMeanEntropy,-0.0023851328205945644
AddressOfEntryPoint,SectionsMinEntropy,-0.019403043211309638
AddressOfEntryPoint,SectionsMaxEntropy,0.012902374488781886
AddressOfEntryPoint,SectionsMeanRawsize,0.005177198737570027
AddressOfEntryPoint,SectionsMinRawsize,-0.0019732011396357218
AddressOfEntryPoint,SectionMaxRawsize,0.004564518355487586
AddressOfEntryPoint,SectionsMeanVirtualsize,0.05534163599210754
AddressOfEntryPoint,SectionsMinVirtualsize,-0.0004804552084987826
AddressOfEntryPoint,SectionMaxVirtualsize,0.066649255219061
AddressOfEntryPoint,ImportsNbDLL,0.03894064343758137
AddressOfEntryPoint,ImportsNb,0.009394739172118534
AddressOfEntryPoint,ImportsNbOrdinal,0.006796308103780995
AddressOfEntryPoint,ExportNb,0.018994910503890225
AddressOfEntryPoint,ResourcesNb,0.016149334673884526
AddressOfEntryPoint,ResourcesMeanEntropy,0.016512634428445347
AddressOfEntryPoint,ResourcesMinEntropy,-0.041835272342780866
AddressOfEntryPoint,ResourcesMaxEntropy,0.01662723728325609
AddressOfEntryPoint,ResourcesMeanSize,-0.00014223328932264675
AddressOfEntryPoint,ResourcesMinSize,-0.00013506486309581458
AddressOfEntryPoint,ResourcesMaxSize,0.00227183496045432
AddressOfEntryPoint,LoadConfigurationSize,-0.0007129424989983851
AddressOfEntryPoint,VersionInformationSize,0.004931366832765661
AddressOfEntryPoint,legitimate,-0.00013371825116340334
BaseOfCode,BaseOfData,0.07736874642059612
BaseOfCode,ImageBase,0.001985926960483032
BaseOfCode,SectionAlignment,0.11315974972113545
BaseOfCode,FileAlignment,-0.0009536440424167646
BaseOfCode,MajorOperatingSystemVersion,-6.598137224258837e-05
BaseOfCode,MinorOperatingSystemVersion,-0.00013174719606298763
BaseOfCode,MajorImageVersion,-0.0005565503178094318
BaseOfCode,MinorImageVersion,-0.0005513725883490334
BaseOfCode,MajorSubsystemVersion,-0.006447699295801219
BaseOfCode,MinorSubsystemVersion,-7.52129758808289e-05
BaseOfCode,SizeOfImage,0.06533708127951815
BaseOfCode,SizeOfHeaders,0.003614514902270303
BaseOfCode,CheckSum,-0.002859674754334635
BaseOfCode,Subsystem,-0.003182311759535271
BaseOfCode,DllCharacteristics,-0.011848581257651883
BaseOfCode,SizeOfStackReserve,0.0038345537193708434
BaseOfCode,SizeOfStackCommit,0.0024136189364584613
BaseOfCode,SizeOfHeapReserve,0.0014345719433116143
BaseOfCode,SizeOfHeapCommit,-3.710222961791636e-05
BaseOfCode,LoaderFlags,-3.8930028653971484e-05
BaseOfCode,NumberOfRvaAndSizes,-5.237029436136932e-05
BaseOfCode,SectionsNb,-0.010258352411624618
BaseOfCode,SectionsMeanEntropy,-0.0029987291840743815
BaseOfCode,SectionsMinEntropy,-0.009952667720779742
BaseOfCode,SectionsMaxEntropy,0.007689492016057701
BaseOfCode,SectionsMeanRawsize,0.0004789177740011242
BaseOfCode,SectionsMinRawsize,-0.0005312103542479929
BaseOfCode,SectionMaxRawsize,0.00034698412049400084
BaseOfCode,SectionsMeanVirtualsize,0.004772594287399716
BaseOfCode,SectionsMinVirtualsize,0.000828580944642895
BaseOfCode,SectionMaxVirtualsize,0.0045105262162512035
BaseOfCode,ImportsNbDLL,0.0056712555181222
BaseOfCode,ImportsNb,-0.007675668504043093
BaseOfCode,ImportsNbOrdinal,-0.0011400335019424925
BaseOfCode,ExportNb,-0.0007099311498521394
BaseOfCode,ResourcesNb,0.0041184649812207276
BaseOfCode,ResourcesMeanEntropy,0.0031905165812431352
BaseOfCode,ResourcesMinEntropy,-0.020926674810246574
BaseOfCode,ResourcesMaxEntropy,0.006143638177559227
BaseOfCode,ResourcesMeanSize,-2.3934410911297713e-05
BaseOfCode,ResourcesMinSize,-2.711834300120314e-05
BaseOfCode,ResourcesMaxSize,0.0007865805471115071
BaseOfCode,LoadConfigurationSize,-0.00017088244000528424
BaseOfCode,VersionInformationSize,0.0009567160668370365
BaseOfCode,legitimate,-0.006232217386641224
BaseOfData,ImageBase,-0.0005452207324712778
BaseOfData,SectionAlignment,0.47608186301929484
BaseOfData,FileAlignment,0.01388458633269524
BaseOfData,MajorOperatingSystemVersion,0.00023988494636757588
BaseOfData,MinorOperatingSystemVersion,-0.0006793588480454882
BaseOfData,MajorImageVersion,0.008812926355283177
BaseOfData,MinorImageVersion,0.008799109111857072
BaseOfData,MajorSubsystemVersion,-0.010624816734524504
BaseOfData,MinorSubsystemVersion,-0.00044824497641999725
BaseOfData,SizeOfImage,0.48761128576779583
BaseOfData,SizeOfHeaders,0.01690920052395237
BaseOfData,CheckSum,-0.016073641940472533
BaseOfData,Subsystem,-0.006178416552109657
BaseOfData,DllCharacteristics,-0.05558717167094533
BaseOfData,SizeOfStackReserve,0.008454039506193013
BaseOfData,SizeOfStackCommit,0.015395486956056659
BaseOfData,SizeOfHeapReserve,0.012699917275476574
BaseOfData,SizeOfHeapCommit,-0.0003005202419228692
BaseOfData,LoaderFlags,-0.0003203446185175796
BaseOfData,NumberOfRvaAndSizes,0.0007165705720016059
BaseOfData,SectionsNb,-0.004617729385641061
BaseOfData,SectionsMeanEntropy,0.006362381266462878
BaseOfData,SectionsMinEntropy,-0.030137885057700334
BaseOfData,SectionsMaxEntropy,0.03324984624090153
BaseOfData,SectionsMeanRawsize,0.006822043194052779
BaseOfData,SectionsMinRawsize,-0.0030946131261006065
BaseOfData,SectionMaxRawsize,0.006432960292599845
BaseOfData,SectionsMeanVirtualsize,0.06901377639613063
BaseOfData,SectionsMinVirtualsize,-0.0008638378228422713
BaseOfData,SectionMaxVirtualsize,0.12194153826354756
BaseOfData,ImportsNbDLL,0.07197811732230204
BaseOfData,ImportsNb,0.06351835086370577
BaseOfData,ImportsNbOrdinal,0.045144321024794126
BaseOfData,ExportNb,0.031797322115131046
BaseOfData,ResourcesNb,0.05398668871529657
BaseOfData,ResourcesMeanEntropy,0.03001116340549987
BaseOfData,ResourcesMinEntropy,-0.07683259009028087
BaseOfData,ResourcesMaxEntropy,0.04503809000467507
BaseOfData,ResourcesMeanSize,-0.00025484711827963906
BaseOfData,ResourcesMinSize,-0.0002643857305036673
BaseOfData,ResourcesMaxSize,0.0027378076607485337
BaseOfData,LoadConfigurationSize,-0.0015428928876974853
BaseOfData,VersionInformationSize,0.011014319613229524
BaseOfData,legitimate,-0.0011359564703787377
ImageBase,SectionAlignment,0.017977134285503977
ImageBase,FileAlignment,-0.0007617802672554222
ImageBase,MajorOperatingSystemVersion,4.8992621494157036e-05
ImageBase,MinorOperatingSystemVersion,-6.457740124614942e-06
ImageBase,MajorImageVersion,-0.00028342773327362075
ImageBase,MinorImageVersion,-0.0003001795398841234
ImageBase,MajorSubsystemVersion,0.009465893435570881
ImageBase,MinorSubsystemVersion,-1.3215054232520977e-05
ImageBase,SizeOfImage,0.01142872300535805
ImageBase,SizeOfHeaders,-0.0002636448359454226
ImageBase,CheckSum,-0.0016149511249586238
ImageBase,Subsystem,0.010019457090361839
ImageBase,DllCharacteristics,-0.0077864410019269125
ImageBase,SizeOfStackReserve,-0.003944445750661166
ImageBase,SizeOfStackCommit,0.0008186640377064431
ImageBase,SizeOfHeapReserve,0.0004896624923803448
ImageBase,SizeOfHeapCommit,-2.058466154413236e-05
ImageBase,LoaderFlags,-2.183748252661888e-05
ImageBase,NumberOfRvaAndSizes,-2.9048031914918015e-05
ImageBase,SectionsNb,0.002826512806036948
ImageBase,SectionsMeanEntropy,-0.007726420313545545
ImageBase,SectionsMinEntropy,-0.0052986822975033
ImageBase,SectionsMaxEntropy,-0.0031623438631974664
ImageBase,SectionsMeanRawsize,-5.393960959284331e-05
ImageBase,SectionsMinRawsize,-0.00028991330160534317
ImageBase,SectionMaxRawsize,-3.507979805619304e-05
ImageBase,SectionsMeanVirtualsize,-4.473687084298044e-05
ImageBase,SectionsMinVirtualsize,-0.00031955483568621386
ImageBase,SectionMaxVirtualsize,-7.426119909633104e-05
ImageBase,ImportsNbDLL,-0.006738560579784955
ImageBase,ImportsNb,-0.004947861092553546
ImageBase,ImportsNbOrdinal,-0.0006704157005351436
ImageBase,ExportNb,-0.0004728137083759029
ImageBase,ResourcesNb,-0.0008296948465141701
ImageBase,ResourcesMeanEntropy,-0.0021089237100028082
ImageBase,ResourcesMinEntropy,0.007461395273454981
ImageBase,ResourcesMaxEntropy,-0.006599381373570344
ImageBase,ResourcesMeanSize,-3.768689969941835e-05
ImageBase,ResourcesMinSize,-1.4318518124021976e-05
ImageBase,ResourcesMaxSize,-6.230164435493213e-05
ImageBase,LoadConfigurationSize,-9.618510222549233e-05
ImageBase,VersionInformationSize,0.002882902388988126
ImageBase,legitimate,0.008244539430721719
SectionAlignment,FileAlignment,0.0008838946435861817
SectionAlignment,MajorOperatingSystemVersion,-5.192398888045155e-05
SectionAlignment,MinorOperatingSystemVersion,-6.934582200897899e-05
SectionAlignment,MajorImageVersion,-0.00029774865108153224
SectionAlignment,MinorImageVersion,-0.00029328176926339626
SectionAlignment,MajorSubsystemVersion,-0.006034031257822906
SectionAlignment,MinorSubsystemVersion,-3.963878534045557e-05
SectionAlignment,SizeOfImage,0.4786175691384328
SectionAlignment,SizeOfHeaders,9.532567161771771e-05
SectionAlignment,CheckSum,-0.00154780042856125
SectionAlignment,Subsystem,-0.0008296948414494759
SectionAlignment,DllCharacteristics,-0.0070757806971041915
SectionAlignment,SizeOfStackReserve,0.0008294715559679378
SectionAlignment,SizeOfStackCommit,-0.0003555509941694239
SectionAlignment,SizeOfHeapReserve,0.0004745828266737694
SectionAlignment,SizeOfHeapCommit,-1.969480556367598e-05
SectionAlignment,LoaderFlags,-2.0902437308093933e-05
SectionAlignment,NumberOfRvaAndSizes,-2.780424305196783e-05
SectionAlignment,SectionsNb,-0.0027071046696494857
SectionAlignment,SectionsMeanEntropy,0.004609744799016637
SectionAlignment,SectionsMinEntropy,0.0053760749642409785
SectionAlignment,SectionsMaxEntropy,-0.0017629168873154952
SectionAlignment,SectionsMeanRawsize,-5.8705783280300986e-05
SectionAlignment,SectionsMinRawsize,-0.0002623493190395105
SectionAlignment,SectionMaxRawsize,-4.722430329980583e-05
SectionAlignment,SectionsMeanVirtualsize,-0.00011226195296250143
SectionAlignment,SectionsMinVirtualsize,-0.0002929326575584302
SectionAlignment,SectionMaxVirtualsize,-0.00010672640309753495
SectionAlignment,ImportsNbDLL,-0.003146776914033109
SectionAlignment,ImportsNb,-0.0034318614049779657
SectionAlignment,ImportsNbOrdinal,-0.0006439586741302396
SectionAlignment,ExportNb,-5.945462573446238e-05
SectionAlignment,ResourcesNb,-0.0005377899965746669
SectionAlignment,ResourcesMeanEntropy,-0.0011672193533289004
SectionAlignment,ResourcesMinEntropy,-0.013391756834138041
SectionAlignment,ResourcesMaxEntropy,0.0007642947405110721
SectionAlignment,ResourcesMeanSize,-1.0895361032575423e-05
SectionAlignment,ResourcesMinSize,-1.4294063135930146e-05
SectionAlignment,ResourcesMaxSize,-1.1783633225541427e-05
SectionAlignment,LoadConfigurationSize,-9.20662764541272e-05
SectionAlignment,VersionInformationSize,0.0015812026173449918
SectionAlignment,legitimate,-0.00242939274383789
FileAlignment,MajorOperatingSystemVersion,0.006359767437208512
FileAlignment,MinorOperatingSystemVersion,0.012999674226935858
FileAlignment,MajorImageVersion,-0.007334800550953079
FileAlignment,MinorImageVersion,-0.005276092717717126
FileAlignment,MajorSubsystemVersion,-0.131688698083293
FileAlignment,MinorSubsystemVersion,0.009635787342725329
FileAlignment,SizeOfImage,0.00360926180522336
FileAlignment,SizeOfHeaders,0.21522238966725368
FileAlignment,CheckSum,-0.042016442433785335
FileAlignment,Subsystem,0.0870173540315317
FileAlignment,DllCharacteristics,-0.1405653569732121
FileAlignment,SizeOfStackReserve,0.003257693584241849
FileAlignment,SizeOfStackCommit,0.0005084118423587531
FileAlignment,SizeOfHeapReserve,-0.015459589917711727
FileAlignment,SizeOfHeapCommit,0.010079569216679294
FileAlignment,LoaderFlags,0.00995216480705539
FileAlignment,NumberOfRvaAndSizes,0.011889170449063369
FileAlignment,SectionsNb,-0.08804785278518606
FileAlignment,SectionsMeanEntropy,-0.1524530346112398
FileAlignment,SectionsMinEntropy,-0.10281457554191926
FileAlignment,SectionsMaxEntropy,-0.11698358109877455
FileAlignment,SectionsMeanRawsize,0.0058712069689399885
FileAlignment,SectionsMinRawsize,-0.002397027906238539
FileAlignment,SectionMaxRawsize,0.005222275477068656
FileAlignment,SectionsMeanVirtualsize,0.0016342168494709456
FileAlignment,SectionsMinVirtualsize,-0.005939008206955312
FileAlignment,SectionMaxVirtualsize,0.001945009776637047
FileAlignment,ImportsNbDLL,0.00702219731436185
FileAlignment,ImportsNb,0.06562229179005083
FileAlignment,ImportsNbOrdinal,0.02436305712590785
FileAlignment,ExportNb,0.08633045371630901
FileAlignment,ResourcesNb,-0.0032640762801830424
FileAlignment,ResourcesMeanEntropy,-0.06661253737945498
FileAlignment,ResourcesMinEntropy,0.0396328160921971
FileAlignment,ResourcesMaxEntropy,-0.10419274880709045
FileAlignment,ResourcesMeanSize,0.008532379978690743
FileAlignment,ResourcesMinSize,0.007099724102251104
FileAlignment,ResourcesMaxSize,0.0075983971300411434
FileAlignment,LoadConfigurationSize,-0.002523510292258662
FileAlignment,VersionInformationSize,0.055023029736917015
FileAlignment,legitimate,0.1251686972712209
MajorOperatingSystemVersion,MinorOperatingSystemVersion,-4.3161689255751644e-05
MajorOperatingSystemVersion,MajorImageVersion,0.00044629926312128305
MajorOperatingSystemVersion,MinorImageVersion,0.0004437902015964289
MajorOperatingSystemVersion,MajorSubsystemVersion,0.0039057933498534863
MajorOperatingSystemVersion,MinorSubsystemVersion,-3.787738829317683e-05
MajorOperatingSystemVersion,SizeOfImage,-3.9565745353214795e-05
MajorOperatingSystemVersion,SizeOfHeaders,0.0010906741441096973
MajorOperatingSystemVersion,CheckSum,-0.0026242642680728875
MajorOperatingSystemVersion,Subsystem,0.000565283094121877
MajorOperatingSystemVersion,DllCharacteristics,-0.004115393316211775
MajorOperatingSystemVersion,SizeOfStackReserve,-0.0031611435361936072
MajorOperatingSystemVersion,SizeOfStackCommit,-0.0010036591282253818
MajorOperatingSystemVersion,SizeOfHeapReserve,5.004079547734346e-05
MajorOperatingSystemVersion,SizeOfHeapCommit,-4.2699857519558385e-05
MajorOperatingSystemVersion,LoaderFlags,-4.4838326729403305e-05
MajorOperatingSystemVersion,NumberOfRvaAndSizes,-5.96435447030181e-05
MajorOperatingSystemVersion,SectionsNb,-0.005395323515785745
MajorOperatingSystemVersion,SectionsMeanEntropy,0.00012275179370911654
MajorOperatingSystemVersion,SectionsMinEntropy,0.00019449471840742076
MajorOperatingSystemVersion,SectionsMaxEntropy,-0.004441761439837673
MajorOperatingSystemVersion,SectionsMeanRawsize,-3.3566972742694164e-05
MajorOperatingSystemVersion,SectionsMinRawsize,0.00027719062068010884
MajorOperatingSystemVersion,SectionMaxRawsize,-5.407039218482693e-05
MajorOperatingSystemVersion,SectionsMeanVirtualsize,6.074293337425416e-06
MajorOperatingSystemVersion,SectionsMinVirtualsize,0.0003054683714097419
MajorOperatingSystemVersion,SectionMaxVirtualsize,-2.4293187545381554e-05
MajorOperatingSystemVersion,ImportsNbDLL,-0.002752268604184598
MajorOperatingSystemVersion,ImportsNb,-0.0003380795577993375
MajorOperatingSystemVersion,ImportsNbOrdinal,0.002185405770944614
MajorOperatingSystemVersion,ExportNb,0.0002651973204509448
MajorOperatingSystemVersion,ResourcesNb,0.00017745196559380957
MajorOperatingSystemVersion,ResourcesMeanEntropy,0.0014743522556577605
MajorOperatingSystemVersion,ResourcesMinEntropy,0.0032040537827886825
MajorOperatingSystemVersion,ResourcesMaxEntropy,0.001094055425667792
MajorOperatingSystemVersion,ResourcesMeanSize,-5.8133057399480995e-05
MajorOperatingSystemVersion,ResourcesMinSize,-3.034129479903424e-05
MajorOperatingSystemVersion,ResourcesMaxSize,-7.043282635060282e-05
MajorOperatingSystemVersion,LoadConfigurationSize,-6.102851543082735e-05
MajorOperatingSystemVersion,VersionInformationSize,8.014483491878202e-05
MajorOperatingSystemVersion,legitimate,0.0024020868380486525
MinorOperatingSystemVersion,MajorImageVersion,3.509681481168874e-05
MinorOperatingSystemVersion,MinorImageVersion,-7.765907858962669e-05
MinorOperatingSystemVersion,MajorSubsystemVersion,-0.002574654468565784
MinorOperatingSystemVersion,MinorSubsystemVersion,0.871655538816981
MinorOperatingSystemVersion,SizeOfImage,-0.0006913499277411479
MinorOperatingSystemVersion,SizeOfHeaders,0.002312121614209238
MinorOperatingSystemVersion,CheckSum,-0.00204013660494815
MinorOperatingSystemVersion,Subsystem,-0.001344281269601001
MinorOperatingSystemVersion,DllCharacteristics,-0.0073330930669603216
MinorOperatingSystemVersion,SizeOfStackReserve,-0.004982903277199077
MinorOperatingSystemVersion,SizeOfStackCommit,-0.0007219018586195166
MinorOperatingSystemVersion,SizeOfHeapReserve,6.313948011911022e-05
MinorOperatingSystemVersion,SizeOfHeapCommit,0.8715178467599527
MinorOperatingSystemVersion,LoaderFlags,0.8673136204909148
MinorOperatingSystemVersion,NumberOfRvaAndSizes,0.7693397748422998
MinorOperatingSystemVersion,SectionsNb,-0.005100397166285535
MinorOperatingSystemVersion,SectionsMeanEntropy,0.00014477996738031942
MinorOperatingSystemVersion,SectionsMinEntropy,-0.00261923622049324
MinorOperatingSystemVersion,SectionsMaxEntropy,0.003732245566001017
MinorOperatingSystemVersion,SectionsMeanRawsize,-0.00014163344354150794
MinorOperatingSystemVersion,SectionsMinRawsize,-4.127659495900388e-05
MinorOperatingSystemVersion,SectionMaxRawsize,-0.00014252212297120352
MinorOperatingSystemVersion,SectionsMeanVirtualsize,-0.00025661325420095276
MinorOperatingSystemVersion,SectionsMinVirtualsize,-0.00010533933980252389
MinorOperatingSystemVersion,SectionMaxVirtualsize,-0.0003065871126059296
MinorOperatingSystemVersion,ImportsNbDLL,-0.00467009694932623
MinorOperatingSystemVersion,ImportsNb,-1.966603611739987e-05
MinorOperatingSystemVersion,ImportsNbOrdinal,0.00671646140112554
MinorOperatingSystemVersion,ExportNb,-0.0003320627066385476
MinorOperatingSystemVersion,ResourcesNb,-0.000653870004694261
MinorOperatingSystemVersion,ResourcesMeanEntropy,-0.01781054885855581
MinorOperatingSystemVersion,ResourcesMinEntropy,-0.014399623334628076
MinorOperatingSystemVersion,ResourcesMaxEntropy,-0.018067959040410957
MinorOperatingSystemVersion,ResourcesMeanSize,-8.078805773524737e-05
MinorOperatingSystemVersion,ResourcesMinSize,-3.900795552512488e-05
MinorOperatingSystemVersion,ResourcesMaxSize,-0.00011084343999695935
MinorOperatingSystemVersion,LoadConfigurationSize,-9.964692118447839e-05
MinorOperatingSystemVersion,VersionInformationSize,-0.008322444693127972
MinorOperatingSystemVersion,legitimate,-0.001702339620075697
MajorImageVersion,MinorImageVersion,0.9975330214697501
MajorImageVersion,MajorSubsystemVersion,0.0737745403951723
MajorImageVersion,MinorSubsystemVersion,-1.2364495572251522e-05
MajorImageVersion,SizeOfImage,0.004144416881641489
MajorImageVersion,SizeOfHeaders,-0.00178966449716467
MajorImageVersion,CheckSum,-0.017315637202934126
MajorImageVersion,Subsystem,0.04454630396219941
MajorImageVersion,DllCharacteristics,-0.061542917346402784
MajorImageVersion,SizeOfStackReserve,-0.06447226206949497
MajorImageVersion,SizeOfStackCommit,-0.0008528536633953704
MajorImageVersion,SizeOfHeapReserve,0.005200701692302394
MajorImageVersion,SizeOfHeapCommit,-7.701979722175972e-05
MajorImageVersion,LoaderFlags,-9.074837333535389e-05
MajorImageVersion,NumberOfRvaAndSizes,-0.00017541780649814762
MajorImageVersion,SectionsNb,0.0023931114424574577
MajorImageVersion,SectionsMeanEntropy,0.04375772483612928
MajorImageVersion,SectionsMinEntropy,0.02504684741849846
MajorImageVersion,SectionsMaxEntropy,0.005718883527962337
MajorImageVersion,SectionsMeanRawsize,0.0004473952510692765
MajorImageVersion,SectionsMinRawsize,-0.0019059153906370186
MajorImageVersion,SectionMaxRawsize,0.0008199493911032639
MajorImageVersion,SectionsMeanVirtualsize,0.0008049186315380625
MajorImageVersion,SectionsMinVirtualsize,-0.0019424374682838997
MajorImageVersion,SectionMaxVirtualsize,0.001973592874165283
MajorImageVersion,ImportsNbDLL,0.052341103125955295
MajorImageVersion,ImportsNb,0.040107918793878664
MajorImageVersion,ImportsNbOrdinal,0.0014442492740830866
MajorImageVersion,ExportNb,0.029469875179248622
MajorImageVersion,ResourcesNb,-0.007048682954638349
MajorImageVersion,ResourcesMeanEntropy,-0.012538686245907572
MajorImageVersion,ResourcesMinEntropy,0.03865102875955939
MajorImageVersion,ResourcesMaxEntropy,-0.03975931604362833
MajorImageVersion,ResourcesMeanSize,-6.682920027491585e-05
MajorImageVersion,ResourcesMinSize,-0.0001577933230575918
MajorImageVersion,ResourcesMaxSize,-0.00023050045727867913
MajorImageVersion,LoadConfigurationSize,-0.0010347111102765002
MajorImageVersion,VersionInformationSize,0.03274431633782382
MajorImageVersion,legitimate,0.0844102342771159
MinorImageVersion,MajorSubsystemVersion,0.07284121782124425
MinorImageVersion,MinorSubsystemVersion,-0.00013499997388150293
MinorImageVersion,SizeOfImage,0.004098156755715388
MinorImageVersion,SizeOfHeaders,-0.0014336292748363068
MinorImageVersion,CheckSum,-0.016996527311876942
MinorImageVersion,Subsystem,0.04396619055919675
MinorImageVersion,DllCharacteristics,-0.0617289096976253
MinorImageVersion,SizeOfStackReserve,-0.06394139000815663
MinorImageVersion,SizeOfStackCommit,-0.0009840629159114456
MinorImageVersion,SizeOfHeapReserve,0.005186673558939415
MinorImageVersion,SizeOfHeapCommit,-0.00019731892788871366
MinorImageVersion,LoaderFlags,-0.00019195403489184949
MinorImageVersion,NumberOfRvaAndSizes,-0.0002469374308889286
MinorImageVersion,SectionsNb,0.0015725715876269918
MinorImageVersion,SectionsMeanEntropy,0.04415768569405885
MinorImageVersion,SectionsMinEntropy,0.025271191394696368
MinorImageVersion,SectionsMaxEntropy,0.005961217346612239
MinorImageVersion,SectionsMeanRawsize,0.0006996934402202513
MinorImageVersion,SectionsMinRawsize,-0.0020058442808678126
MinorImageVersion,SectionMaxRawsize,0.0010189412034633226
MinorImageVersion,SectionsMeanVirtualsize,0.0007886500722126378
MinorImageVersion,SectionsMinVirtualsize,-0.002042349296047226
MinorImageVersion,SectionMaxVirtualsize,0.0019629248552355608
MinorImageVersion,ImportsNbDLL,0.05142056380955209
MinorImageVersion,ImportsNb,0.03956500144772605
MinorImageVersion,ImportsNbOrdinal,0.0020686202045272404
MinorImageVersion,ExportNb,0.029294133923203812
MinorImageVersion,ResourcesNb,-0.0072082109115611396
MinorImageVersion,ResourcesMeanEntropy,-0.011857392090963571
MinorImageVersion,ResourcesMinEntropy,0.03906368126728669
MinorImageVersion,ResourcesMaxEntropy,-0.03944525264008329
MinorImageVersion,ResourcesMeanSize,9.0755186034521e-06
MinorImageVersion,ResourcesMinSize,-0.00015514828124077958
MinorImageVersion,ResourcesMaxSize,4.399917743461552e-05
MinorImageVersion,LoadConfigurationSize,-0.0010155668218521632
MinorImageVersion,VersionInformationSize,0.03274056701648601
MinorImageVersion,legitimate,0.0832199680675952
MajorSubsystemVersion,MinorSubsystemVersion,-0.004028860262624342
MajorSubsystemVersion,SizeOfImage,0.0036232686393201713
MajorSubsystemVersion,SizeOfHeaders,-0.04406320636034902
MajorSubsystemVersion,CheckSum,-0.026212675239027025
MajorSubsystemVersion,Subsystem,0.1294795595988251
MajorSubsystemVersion,DllCharacteristics,-0.08272274963175874
MajorSubsystemVersion,SizeOfStackReserve,-0.40610193579621084
MajorSubsystemVersion,SizeOfStackCommit,-0.036256285567727635
MajorSubsystemVersion,SizeOfHeapReserve,-0.011554397031689739
MajorSubsystemVersion,SizeOfHeapCommit,-0.005084625703909008
MajorSubsystemVersion,LoaderFlags,-0.005392321394377708
MajorSubsystemVersion,NumberOfRvaAndSizes,-0.0071728196585135445
MajorSubsystemVersion,SectionsNb,-0.11759161373927422
MajorSubsystemVersion,SectionsMeanEntropy,0.19579628735684168
MajorSubsystemVersion,SectionsMinEntropy,0.3433203402490186
MajorSubsystemVersion,SectionsMaxEntropy,-0.1278522207269098
MajorSubsystemVersion,SectionsMeanRawsize,-0.006854213032012942
MajorSubsystemVersion,SectionsMinRawsize,0.04392940424503904
MajorSubsystemVersion,SectionMaxRawsize,-0.007988510359850437
MajorSubsystemVersion,SectionsMeanVirtualsize,-0.0006429166112891749
MajorSubsystemVersion,SectionsMinVirtualsize,0.041861813755441714
MajorSubsystemVersion,SectionMaxVirtualsize,-0.0015719856867815022
MajorSubsystemVersion,ImportsNbDLL,0.03948429475736632
MajorSubsystemVersion,ImportsNb,0.12552868671290887
MajorSubsystemVersion,ImportsNbOrdinal,0.044822762084171526
MajorSubsystemVersion,ExportNb,0.05760996366027897
MajorSubsystemVersion,ResourcesNb,0.03076821878878039
MajorSubsystemVersion,ResourcesMeanEntropy,0.10660455057741275
MajorSubsystemVersion,ResourcesMinEntropy,0.21588452078695478
MajorSubsystemVersion,ResourcesMaxEntropy,0.0011693492666258328
MajorSubsystemVersion,ResourcesMeanSize,-0.006601396777786198
MajorSubsystemVersion,ResourcesMinSize,-0.0036434501739671925
MajorSubsystemVersion,ResourcesMaxSize,-0.007044524729578237
MajorSubsystemVersion,LoadConfigurationSize,-0.0028468031047575375
MajorSubsystemVersion,VersionInformationSize,0.14630438616826272
MajorSubsystemVersion,legitimate,0.3803930874551063
MinorSubsystemVersion,SizeOfImage,-0.0004772231940399398
MinorSubsystemVersion,SizeOfHeaders,0.0017505948324004648
MinorSubsystemVersion,CheckSum,-0.001456649873815928
MinorSubsystemVersion,Subsystem,-0.0003139633121876303
MinorSubsystemVersion,DllCharacteristics,-0.006083020806817065
MinorSubsystemVersion,SizeOfStackReserve,-0.0005467065986540531
MinorSubsystemVersion,SizeOfStackCommit,-0.0004650034223970025
MinorSubsystemVersion,SizeOfHeapReserve,8.971912228918999e-05
MinorSubsystemVersion,SizeOfHeapCommit,0.9999700019315044
MinorSubsystemVersion,LoaderFlags,0.9951869207398362
MinorSubsystemVersion,NumberOfRvaAndSizes,0.882782919403737
MinorSubsystemVersion,SectionsNb,-0.004580757620730905
MinorSubsystemVersion,SectionsMeanEntropy,-0.0009378155328885528
MinorSubsystemVersion,SectionsMinEntropy,-0.0028427605677491695
MinorSubsystemVersion,SectionsMaxEntropy,0.0015369143438675639
MinorSubsystemVersion,SectionsMeanRawsize,-8.927449143100762e-05
MinorSubsystemVersion,SectionsMinRawsize,-5.535030224120881e-05
MinorSubsystemVersion,SectionMaxRawsize,-9.620320458980786e-05
MinorSubsystemVersion,SectionsMeanVirtualsize,-0.00015838694452649166
MinorSubsystemVersion,SectionsMinVirtualsize,-7.745741098133692e-05
MinorSubsystemVersion,SectionMaxVirtualsize,-0.00020668136437445545
MinorSubsystemVersion,ImportsNbDLL,-0.004263401164857456
MinorSubsystemVersion,ImportsNb,-0.0008420898359925413
MinorSubsystemVersion,ImportsNbOrdinal,0.001548054577649486
MinorSubsystemVersion,ExportNb,-0.00017963573566739455
MinorSubsystemVersion,ResourcesNb,-0.0004349241855077103
MinorSubsystemVersion,ResourcesMeanEntropy,-0.013427776788201272
MinorSubsystemVersion,ResourcesMinEntropy,-0.01069629723147542
MinorSubsystemVersion,ResourcesMaxEntropy,-0.013466097857029685
MinorSubsystemVersion,ResourcesMeanSize,-4.785885732483386e-05
MinorSubsystemVersion,ResourcesMinSize,-2.209094120883368e-05
MinorSubsystemVersion,ResourcesMaxSize,-6.968120184450532e-05
MinorSubsystemVersion,LoadConfigurationSize,-7.129490279354236e-05
MinorSubsystemVersion,VersionInformationSize,-0.006228233974037746
MinorSubsystemVersion,legitimate,-0.0012131832625949376
SizeOfImage,SizeOfHeaders,0.004107849191694806
SizeOfImage,CheckSum,-0.009568413597340782
SizeOfImage,Subsystem,-0.009998517801847961
SizeOfImage,DllCharacteristics,-0.025325888892322432
SizeOfImage,SizeOfStackReserve,-0.003934360150842243
SizeOfImage,SizeOfStackCommit,0.0028302694243308637
SizeOfImage,SizeOfHeapReserve,-0.03210420510934678
SizeOfImage,SizeOfHeapCommit,-0.0003713223594050896
SizeOfImage,LoaderFlags,0.02625173871112726
SizeOfImage,NumberOfRvaAndSizes,0.020833387168228235
SizeOfImage,SectionsNb,0.017464448853879884
SizeOfImage,SectionsMeanEntropy,0.019465317108651497
SizeOfImage,SectionsMinEntropy,-0.008848613733162885
SizeOfImage,SectionsMaxEntropy,0.01721349173174588
SizeOfImage,SectionsMeanRawsize,0.017788095139710778
SizeOfImage,SectionsMinRawsize,0.05124465017508193
SizeOfImage,SectionMaxRawsize,0.01778188697047492
SizeOfImage,SectionsMeanVirtualsize,0.3227865286560059
SizeOfImage,SectionsMinVirtualsize,0.05248016476182759
SizeOfImage,SectionMaxVirtualsize,0.3824499666205642
SizeOfImage,ImportsNbDLL,0.04561550875676233
SizeOfImage,ImportsNb,0.08727471374015745
SizeOfImage,ImportsNbOrdinal,0.05618386519898066
SizeOfImage,ExportNb,0.02839355738048611
SizeOfImage,ResourcesNb,0.09271337158367098
SizeOfImage,ResourcesMeanEntropy,0.004098530462873718
SizeOfImage,ResourcesMinEntropy,-0.07077154776590991
SizeOfImage,ResourcesMaxEntropy,0.04565368519413956
SizeOfImage,ResourcesMeanSize,0.00042240636789658457
SizeOfImage,ResourcesMinSize,-0.000306920652982378
SizeOfImage,ResourcesMaxSize,0.009403609499681378
SizeOfImage,LoadConfigurationSize,-0.00012920316668844404
SizeOfImage,VersionInformationSize,-0.006525308028267962
SizeOfImage,legitimate,-0.0026030560618661098
SizeOfHeaders,CheckSum,-0.014430893983294751
SizeOfHeaders,Subsystem,0.007452326679761549
SizeOfHeaders,DllCharacteristics,-0.05389969863850151
SizeOfHeaders,SizeOfStackReserve,0.016485575951574006
SizeOfHeaders,SizeOfStackCommit,0.004247494922873543
SizeOfHeaders,SizeOfHeapReserve,0.004172271832741279
SizeOfHeaders,SizeOfHeapCommit,0.0019130254722845095
SizeOfHeaders,LoaderFlags,0.0018812628592035441
SizeOfHeaders,NumberOfRvaAndSizes,0.0022132323942245244
SizeOfHeaders,SectionsNb,-0.023367456544015366
SizeOfHeaders,SectionsMeanEntropy,-0.03515898174577415
SizeOfHeaders,SectionsMinEntropy,-0.04210756212411545
SizeOfHeaders,SectionsMaxEntropy,-0.004307279860926775
SizeOfHeaders,SectionsMeanRawsize,0.004011714380126776
SizeOfHeaders,SectionsMinRawsize,-0.004693543544897559
SizeOfHeaders,SectionMaxRawsize,0.003828409822640007
SizeOfHeaders,SectionsMeanVirtualsize,0.0030115776857567917
SizeOfHeaders,SectionsMinVirtualsize,-0.004505163508022757
SizeOfHeaders,SectionMaxVirtualsize,0.00229909172033989
SizeOfHeaders,ImportsNbDLL,0.02112206264885209
SizeOfHeaders,ImportsNb,0.007523792691102936
SizeOfHeaders,ImportsNbOrdinal,0.005014022190404386
SizeOfHeaders,ExportNb,0.021511577869035906
SizeOfHeaders,ResourcesNb,0.005210233055916034
SizeOfHeaders,ResourcesMeanEntropy,-0.0013362853129457444
SizeOfHeaders,ResourcesMinEntropy,-0.01737804462310776
SizeOfHeaders,ResourcesMaxEntropy,-0.007399258297288103
SizeOfHeaders,ResourcesMeanSize,0.001774105416784702
SizeOfHeaders,ResourcesMinSize,0.0013773643387836971
SizeOfHeaders,ResourcesMaxSize,0.0019383188677418366
SizeOfHeaders,LoadConfigurationSize,0.006912112908811398
SizeOfHeaders,VersionInformationSize,-0.005935999854271014
SizeOfHeaders,legitimate,0.010124645799264906
CheckSum,Subsystem,-0.10379918474294036
CheckSum,DllCharacteristics,0.08463499172512594
CheckSum,SizeOfStackReserve,0.06426961413018294
CheckSum,SizeOfStackCommit,0.016976615671065697
CheckSum,SizeOfHeapReserve,0.027494915971015114
CheckSum,SizeOfHeapCommit,-0.001148374370192032
CheckSum,LoaderFlags,-0.001218338028589478
CheckSum,NumberOfRvaAndSizes,-0.0016206924817299341
CheckSum,SectionsNb,-0.0023481593467488972
CheckSum,SectionsMeanEntropy,-0.029344993724335244
CheckSum,SectionsMinEntropy,-0.05070246582786854
CheckSum,SectionsMaxEntropy,0.0254870885567488
CheckSum,SectionsMeanRawsize,-0.0033571059101039848
CheckSum,SectionsMinRawsize,-0.012733894956497842
CheckSum,SectionMaxRawsize,-0.0031350062949055254
CheckSum,SectionsMeanVirtualsize,-0.002612726962021586
CheckSum,SectionsMinVirtualsize,-0.012329462945307353
CheckSum,SectionMaxVirtualsize,-0.0034148224452480685
CheckSum,ImportsNbDLL,-0.04396941472914011
CheckSum,ImportsNb,-0.09600113591543728
CheckSum,ImportsNbOrdinal,-0.028775456064562246
CheckSum,ExportNb,-0.027830861909535463
CheckSum,ResourcesNb,-0.02543259201147686
CheckSum,ResourcesMeanEntropy,0.10564019021763577
CheckSum,ResourcesMinEntropy,-0.009973126884050902
CheckSum,ResourcesMaxEntropy,0.20544712002244872
CheckSum,ResourcesMeanSize,-0.0001742152394237717
CheckSum,ResourcesMinSize,-0.0008362469250087016
CheckSum,ResourcesMaxSize,0.0016600972167809729
CheckSum,LoadConfigurationSize,-0.0024076790324509727
CheckSum,VersionInformationSize,-0.44563186773801383
CheckSum,legitimate,-0.1953286689878451
Subsystem,DllCharacteristics,-0.3070683416865619
Subsystem,SizeOfStackReserve,-0.24318070750531753
Subsystem,SizeOfStackCommit,-0.0004799789393503483
Subsystem,SizeOfHeapReserve,-0.1292067731808763
Subsystem,SizeOfHeapCommit,-0.0013366778256462051
Subsystem,LoaderFlags,-0.0014082537679256828
Subsystem,NumberOfRvaAndSizes,-0.0018732470906124093
Subsystem,SectionsNb,-0.1787063512452583
Subsystem,SectionsMeanEntropy,-0.22669290136226847
Subsystem,SectionsMinEntropy,-0.11495978529650229
Subsystem,SectionsMaxEntropy,-0.3371493747232947
Subsystem,SectionsMeanRawsize,0.00016338197606121776
Subsystem,SectionsMinRawsize,0.041685199702759086
Subsystem,SectionMaxRawsize,-0.0015432380225896076
Subsystem,SectionsMeanVirtualsize,0.0005130830389310368
Subsystem,SectionsMinVirtualsize,0.0397037438901789
Subsystem,SectionMaxVirtualsize,-0.0029037621053625527
Subsystem,ImportsNbDLL,-0.05253148329278897
Subsystem,ImportsNb,-0.05504514841762803
Subsystem,ImportsNbOrdinal,-0.006338010727599793
Subsystem,ExportNb,0.025992773884269533
Subsystem,ResourcesNb,-0.009175406515559202
Subsystem,ResourcesMeanEntropy,-0.1214214798112322
Subsystem,ResourcesMinEntropy,0.24835595553967257
Subsystem,ResourcesMaxEntropy,-0.29385502972932454
Subsystem,ResourcesMeanSize,-0.0018307377130398048
Subsystem,ResourcesMinSize,-0.0009366391570440928
Subsystem,ResourcesMaxSize,-0.0030697956120820853
Subsystem,LoadConfigurationSize,-0.006202475498302342
Subsystem,VersionInformationSize,0.19283893611931124
Subsystem,legitimate,0.5143519285041854
DllCharacteristics,SizeOfStackReserve,0.34328825748203085
DllCharacteristics,SizeOfStackCommit,-0.03309604013233564
DllCharacteristics,SizeOfHeapReserve,0.07644251203237126
DllCharacteristics,SizeOfHeapCommit,-0.005509413461436913
DllCharacteristics,LoaderFlags,-0.005847951704545097
DllCharacteristics,NumberOfRvaAndSizes,-0.007782374085256945
DllCharacteristics,SectionsNb,0.08516669367003808
DllCharacteristics,SectionsMeanEntropy,0.41000833015096333
DllCharacteristics,SectionsMinEntropy,0.24702006178069116
DllCharacteristics,SectionsMaxEntropy,0.4745843941947885
DllCharacteristics,SectionsMeanRawsize,-0.01668619503456301
DllCharacteristics,SectionsMinRawsize,-0.05237063730121377
DllCharacteristics,SectionMaxRawsize,-0.015386146411203366
DllCharacteristics,SectionsMeanVirtualsize,-0.016804587065365778
DllCharacteristics,SectionsMinVirtualsize,-0.05313396831391135
DllCharacteristics,SectionMaxVirtualsize,-0.013189042743415598
DllCharacteristics,ImportsNbDLL,-0.12783951019669396
DllCharacteristics,ImportsNb,-0.08666584078534796
DllCharacteristics,ImportsNbOrdinal,-0.0991548018499485
DllCharacteristics,ExportNb,-0.13046460293341622
DllCharacteristics,ResourcesNb,-0.10782178474679602
DllCharacteristics,ResourcesMeanEntropy,0.22533898742139133
DllCharacteristics,ResourcesMinEntropy,-0.0630499840605886
DllCharacteristics,ResourcesMaxEntropy,0.332853186730403
DllCharacteristics,ResourcesMeanSize,-0.00792377428788634
DllCharacteristics,ResourcesMinSize,-0.004013338089574021
DllCharacteristics,ResourcesMaxSize,-0.010694539647991035
DllCharacteristics,LoadConfigurationSize,-0.020185191047716555
DllCharacteristics,VersionInformationSize,-0.16986849295915218
DllCharacteristics,legitimate,-0.6301770401301157
SizeOfStackReserve,SizeOfStackCommit,0.014972608089033196
SizeOfStackReserve,SizeOfHeapReserve,0.29189665601074094
SizeOfStackReserve,SizeOfHeapCommit,0.0008404664603139007
SizeOfStackReserve,LoaderFlags,0.0008639690173335747
SizeOfStackReserve,NumberOfRvaAndSizes,0.0014627080351463314
SizeOfStackReserve,SectionsNb,0.10470007909612594
SizeOfStackReserve,SectionsMeanEntropy,0.039444743064234254
SizeOfStackReserve,SectionsMinEntropy,-0.05352835955308328
SizeOfStackReserve,SectionsMaxEntropy,0.25462915764012145
SizeOfStackReserve,SectionsMeanRawsize,-0.002060801731080144
SizeOfStackReserve,SectionsMinRawsize,-0.039162444698243586
SizeOfStackReserve,SectionMaxRawsize,-0.0013924557034536975
SizeOfStackReserve,SectionsMeanVirtualsize,-0.002265955943768887
SizeOfStackReserve,SectionsMinVirtualsize,-0.036221692582337095
SizeOfStackReserve,SectionMaxVirtualsize,-0.0025035429810570794
SizeOfStackReserve,ImportsNbDLL,-0.018344715958400457
SizeOfStackReserve,ImportsNb,-0.0835153123394744
SizeOfStackReserve,ImportsNbOrdinal,-0.07504318141985043
SizeOfStackReserve,ExportNb,-0.05497426532563121
SizeOfStackReserve,ResourcesNb,-0.05459059547951927
SizeOfStackReserve,ResourcesMeanEntropy,0.10380761108177718
SizeOfStackReserve,ResourcesMinEntropy,-0.15887364674212642
SizeOfStackReserve,ResourcesMaxEntropy,0.20870952705591655
SizeOfStackReserve,ResourcesMeanSize,0.0012042975089137263
SizeOfStackReserve,ResourcesMinSize,0.0005727845489822792
SizeOfStackReserve,ResourcesMaxSize,0.0017818257407789578
SizeOfStackReserve,LoadConfigurationSize,0.0038050350767829984
SizeOfStackReserve,VersionInformationSize,-0.2945380284012523
SizeOfStackReserve,legitimate,-0.5216416275095686
SizeOfStackCommit,SizeOfHeapReserve,0.03263226452002408
SizeOfStackCommit,SizeOfHeapCommit,-0.00011492853779639812
SizeOfStackCommit,LoaderFlags,-0.00012316001346244498
SizeOfStackCommit,NumberOfRvaAndSizes,0.0002514393725691011
SizeOfStackCommit,SectionsNb,0.03587933140270328
SizeOfStackCommit,SectionsMeanEntropy,-0.07200951563084244
SizeOfStackCommit,SectionsMinEntropy,-0.07020319396596032
SizeOfStackCommit,SectionsMaxEntropy,-0.011139707637734312
SizeOfStackCommit,SectionsMeanRawsize,3.806430007326905e-05
SizeOfStackCommit,SectionsMinRawsize,-0.002802572252223022
SizeOfStackCommit,SectionMaxRawsize,0.0003414581685464306
SizeOfStackCommit,SectionsMeanVirtualsize,0.0017065650318954697
SizeOfStackCommit,SectionsMinVirtualsize,-0.0022735002631142443
SizeOfStackCommit,SectionMaxVirtualsize,0.0012206178559423572
SizeOfStackCommit,ImportsNbDLL,0.0690465842815985
SizeOfStackCommit,ImportsNb,0.019391757885924676
SizeOfStackCommit,ImportsNbOrdinal,0.004654427413035665
SizeOfStackCommit,ExportNb,-0.0037232748532675403
SizeOfStackCommit,ResourcesNb,0.012143391453567994
SizeOfStackCommit,ResourcesMeanEntropy,-0.024296576149087836
SizeOfStackCommit,ResourcesMinEntropy,-0.05373769273524019
SizeOfStackCommit,ResourcesMaxEntropy,0.009397060244450148
SizeOfStackCommit,ResourcesMeanSize,-0.00047684953941029806
SizeOfStackCommit,ResourcesMinSize,-0.00020808167738938153
SizeOfStackCommit,ResourcesMaxSize,-0.00037808007167136864
SizeOfStackCommit,LoadConfigurationSize,-0.0013346781549231765
SizeOfStackCommit,VersionInformationSize,-0.00023895483309593313
SizeOfStackCommit,legitimate,-0.0032258215569319795
SizeOfHeapReserve,SizeOfHeapCommit,0.00042235428894571897
SizeOfHeapReserve,LoaderFlags,-0.001140810772806088
SizeOfHeapReserve,NumberOfRvaAndSizes,0.00036562257349187234
SizeOfHeapReserve,SectionsNb,-0.004325590313456027
SizeOfHeapReserve,SectionsMeanEntropy,0.022150948044331764
SizeOfHeapReserve,SectionsMinEntropy,0.009730564861082952
SizeOfHeapReserve,SectionsMaxEntropy,0.05417655510488888
SizeOfHeapReserve,SectionsMeanRawsize,-0.002710768041294869
SizeOfHeapReserve,SectionsMinRawsize,0.0022660692547690907
SizeOfHeapReserve,SectionMaxRawsize,-0.0034031302601781983
SizeOfHeapReserve,SectionsMeanVirtualsize,-0.0115670215734948
SizeOfHeapReserve,SectionsMinVirtualsize,0.004763675425108314
SizeOfHeapReserve,SectionMaxVirtualsize,-0.015840287528084418
SizeOfHeapReserve,ImportsNbDLL,0.11971153765366928
SizeOfHeapReserve,ImportsNb,0.09050861762339923
SizeOfHeapReserve,ImportsNbOrdinal,0.01458557915919234
SizeOfHeapReserve,ExportNb,0.0019583218418083846
SizeOfHeapReserve,ResourcesNb,0.012003546821928732
SizeOfHeapReserve,ResourcesMeanEntropy,0.049431894455262075
SizeOfHeapReserve,ResourcesMinEntropy,-0.09892576865091872
SizeOfHeapReserve,ResourcesMaxEntropy,0.12256225675481086
SizeOfHeapReserve,ResourcesMeanSize,0.0006476267524609143
SizeOfHeapReserve,ResourcesMinSize,0.0002421776164450986
SizeOfHeapReserve,ResourcesMaxSize,0.0011526730344031625
SizeOfHeapReserve,LoadConfigurationSize,0.0016317783325026354
SizeOfHeapReserve,VersionInformationSize,-0.06215579605135274
SizeOfHeapReserve,legitimate,-0.15626037120306985
SizeOfHeapCommit,LoaderFlags,0.9952095034682331
SizeOfHeapCommit,NumberOfRvaAndSizes,0.8828106104701233
SizeOfHeapCommit,SectionsNb,-0.003972818445607271
SizeOfHeapCommit,SectionsMeanEntropy,-0.0017830645245906652
SizeOfHeapCommit,SectionsMinEntropy,-0.004227550143653262
SizeOfHeapCommit,SectionsMaxEntropy,0.0015984471124336282
SizeOfHeapCommit,SectionsMeanRawsize,-6.370651523016671e-05
SizeOfHeapCommit,SectionsMinRawsize,-0.0001668515649658748
SizeOfHeapCommit,SectionMaxRawsize,-6.679791757090172e-05
SizeOfHeapCommit,SectionsMeanVirtualsize,-0.00011979650461464268
SizeOfHeapCommit,SectionsMinVirtualsize,-0.00017708746327999616
SizeOfHeapCommit,SectionMaxVirtualsize,-0.0001522694598556893
SizeOfHeapCommit,ImportsNbDLL,-0.0038867395259152776
SizeOfHeapCommit,ImportsNb,-0.0009116995598341861
SizeOfHeapCommit,ImportsNbOrdinal,0.001429997953978733
SizeOfHeapCommit,ExportNb,-0.0003587250555954159
SizeOfHeapCommit,ResourcesNb,-0.0006166577635645522
SizeOfHeapCommit,ResourcesMeanEntropy,-0.013714234657702953
SizeOfHeapCommit,ResourcesMinEntropy,-0.011402761320356994
SizeOfHeapCommit,ResourcesMaxEntropy,-0.013184605966321917
SizeOfHeapCommit,ResourcesMeanSize,-2.715159970574251e-05
SizeOfHeapCommit,ResourcesMinSize,-1.0681058971280455e-05
SizeOfHeapCommit,ResourcesMaxSize,-4.431946912661126e-05
SizeOfHeapCommit,LoadConfigurationSize,-5.861437462689955e-05
SizeOfHeapCommit,VersionInformationSize,-0.006946739484051676
SizeOfHeapCommit,legitimate,-0.0025062834565530772
LoaderFlags,NumberOfRvaAndSizes,0.8859096274193113
LoaderFlags,SectionsNb,-0.00394650029729458
LoaderFlags,SectionsMeanEntropy,-0.0018956853024343458
LoaderFlags,SectionsMinEntropy,-0.0045168276309700515
LoaderFlags,SectionsMaxEntropy,0.0017764824654593102
LoaderFlags,SectionsMeanRawsize,-6.613405067947716e-05
LoaderFlags,SectionsMinRawsize,-0.00017996496082433946
LoaderFlags,SectionMaxRawsize,-6.769765157163687e-05
LoaderFlags,SectionsMeanVirtualsize,0.008197330864915569
LoaderFlags,SectionsMinVirtualsize,-0.0001740946602898454
LoaderFlags,SectionMaxVirtualsize,0.013353538996471487
LoaderFlags,ImportsNbDLL,-0.004079779900614723
LoaderFlags,ImportsNb,-0.0011682076282948947
LoaderFlags,ImportsNbOrdinal,0.001346236881991278
LoaderFlags,ExportNb,-0.00038055984645518414
LoaderFlags,ResourcesNb,-0.0006488233941278039
LoaderFlags,ResourcesMeanEntropy,-0.0135372689713676
LoaderFlags,ResourcesMinEntropy,-0.011379600080970947
LoaderFlags,ResourcesMaxEntropy,-0.013112642395781382
LoaderFlags,ResourcesMeanSize,-2.8750488853572068e-05
LoaderFlags,ResourcesMinSize,-1.1329154653179788e-05
LoaderFlags,ResourcesMaxSize,-4.697444855149754e-05
LoaderFlags,LoadConfigurationSize,-6.281040848999772e-05
LoaderFlags,VersionInformationSize,-0.007368775977525211
LoaderFlags,legitimate,-0.002648720689434466
NumberOfRvaAndSizes,SectionsNb,-0.005330840870942883
NumberOfRvaAndSizes,SectionsMeanEntropy,-0.0028570173160538436
NumberOfRvaAndSizes,SectionsMinEntropy,-0.00456448584165143
NumberOfRvaAndSizes,SectionsMaxEntropy,-0.0007273118367338579
NumberOfRvaAndSizes,SectionsMeanRawsize,-1.5489256831622783e-05
NumberOfRvaAndSizes,SectionsMinRawsize,-0.00011382359716983313
NumberOfRvaAndSizes,SectionMaxRawsize,-2.837683647096377e-05
NumberOfRvaAndSizes,SectionsMeanVirtualsize,0.006678142138005539
NumberOfRvaAndSizes,SectionsMinVirtualsize,-0.00011244443033036754
NumberOfRvaAndSizes,SectionMaxVirtualsize,0.010443006596128065
NumberOfRvaAndSizes,ImportsNbDLL,-0.0044739458001281625
NumberOfRvaAndSizes,ImportsNb,-0.0017218583268554554
NumberOfRvaAndSizes,ImportsNbOrdinal,0.00162199395284529
NumberOfRvaAndSizes,ExportNb,-0.0005062174320554383
NumberOfRvaAndSizes,ResourcesNb,-0.0006161186607857685
NumberOfRvaAndSizes,ResourcesMeanEntropy,-0.012456068737649643
NumberOfRvaAndSizes,ResourcesMinEntropy,-0.010331286286092528
NumberOfRvaAndSizes,ResourcesMaxEntropy,-0.012315182318662313
NumberOfRvaAndSizes,ResourcesMeanSize,-3.3540926412439e-05
NumberOfRvaAndSizes,ResourcesMinSize,-1.5050141735462778e-05
NumberOfRvaAndSizes,ResourcesMaxSize,3.119837828829076e-05
NumberOfRvaAndSizes,LoadConfigurationSize,-8.776834414886586e-05
NumberOfRvaAndSizes,VersionInformationSize,-0.009179728225183618
NumberOfRvaAndSizes,legitimate,-0.0035233055379259347
SectionsNb,SectionsMeanEntropy,-0.06177662472200661
SectionsNb,SectionsMinEntropy,-0.1725109050258901
SectionsNb,SectionsMaxEntropy,0.1877691410586237
SectionsNb,SectionsMeanRawsize,-0.01000256670867379
SectionsNb,SectionsMinRawsize,-0.08656887777185229
SectionsNb,SectionMaxRawsize,-0.0030238189186410904
SectionsNb,SectionsMeanVirtualsize,-0.015563794090098719
SectionsNb,SectionsMinVirtualsize,-0.08879658768298038
SectionsNb,SectionMaxVirtualsize,-0.0006583974295133745
SectionsNb,ImportsNbDLL,0.2672687456108613
SectionsNb,ImportsNb,0.20226354050378512
SectionsNb,ImportsNbOrdinal,-0.0038804971022743328
SectionsNb,ExportNb,0.13173489310487818
SectionsNb,ResourcesNb,-0.05060877696262284
SectionsNb,ResourcesMeanEntropy,-0.02361164326484546
SectionsNb,ResourcesMinEntropy,-0.10749288488567842
SectionsNb,ResourcesMaxEntropy,0.07295116348830705
SectionsNb,ResourcesMeanSize,-0.005253994866921271
SectionsNb,ResourcesMinSize,-0.0014708291500418712
SectionsNb,ResourcesMaxSize,-0.007489874402520428
SectionsNb,LoadConfigurationSize,-0.014315365181496016
SectionsNb,VersionInformationSize,0.02565978154228133
SectionsNb,legitimate,-0.20778177524951055
SectionsMeanEntropy,SectionsMinEntropy,0.8090122277879825
SectionsMeanEntropy,SectionsMaxEntropy,0.6730996437224513
SectionsMeanEntropy,SectionsMeanRawsize,0.004637715311261179
SectionsMeanEntropy,SectionsMinRawsize,0.06981396634663019
SectionsMeanEntropy,SectionMaxRawsize,0.0017339567625606516
SectionsMeanEntropy,SectionsMeanVirtualsize,0.009542732461642802
SectionsMeanEntropy,SectionsMinVirtualsize,0.07018592208035233
SectionsMeanEntropy,SectionMaxVirtualsize,0.004837858992139693
SectionsMeanEntropy,ImportsNbDLL,-0.040806981489097324
SectionsMeanEntropy,ImportsNb,0.15351747141426592
SectionsMeanEntropy,ImportsNbOrdinal,0.0284373368704357
SectionsMeanEntropy,ExportNb,0.00919796072612317
SectionsMeanEntropy,ResourcesNb,0.01738750985611114
SectionsMeanEntropy,ResourcesMeanEntropy,0.31430131346619156
SectionsMeanEntropy,ResourcesMinEntropy,-0.10669746844663397
SectionsMeanEntropy,ResourcesMaxEntropy,0.32490431347392235
SectionsMeanEntropy,ResourcesMeanSize,0.0009970977148531335
SectionsMeanEntropy,ResourcesMinSize,-0.0033127768581620452
SectionsMeanEntropy,ResourcesMaxSize,0.004853134729286679
SectionsMeanEntropy,LoadConfigurationSize,0.006991760922962235
SectionsMeanEntropy,VersionInformationSize,0.0541483190730114
SectionsMeanEntropy,legitimate,-0.3439326315963234
SectionsMinEntropy,SectionsMaxEntropy,0.36306215261225644
SectionsMinEntropy,SectionsMeanRawsize,0.0026421290939743765
SectionsMinEntropy,SectionsMinRawsize,0.09969306880305326
SectionsMinEntropy,SectionMaxRawsize,-0.0011434879821570194
SectionsMinEntropy,SectionsMeanVirtualsize,0.00025314523355137385
SectionsMinEntropy,SectionsMinVirtualsize,0.09787837792172097
SectionsMinEntropy,SectionMaxVirtualsize,-0.008201415812955148
SectionsMinEntropy,ImportsNbDLL,-0.13378726814873906
SectionsMinEntropy,ImportsNb,0.10311434009178168
SectionsMinEntropy,ImportsNbOrdinal,0.01365488097020965
SectionsMinEntropy,ExportNb,-0.01723412623001583
SectionsMinEntropy,ResourcesNb,0.013767112677730738
SectionsMinEntropy,ResourcesMeanEntropy,0.2629153997200334
SectionsMinEntropy,ResourcesMinEntropy,0.014055843606181555
SectionsMinEntropy,ResourcesMaxEntropy,0.16323186473505943
SectionsMinEntropy,ResourcesMeanSize,0.0005068831384681244
SectionsMinEntropy,ResourcesMinSize,-0.0030021391319038364
SectionsMinEntropy,ResourcesMaxSize,0.002890904042685994
SectionsMinEntropy,LoadConfigurationSize,0.004019538124655742
SectionsMinEntropy,VersionInformationSize,0.08221530225006086
SectionsMinEntropy,legitimate,-0.15284019404402235
SectionsMaxEntropy,SectionsMeanRawsize,0.004721576122568553
SectionsMaxEntropy,SectionsMinRawsize,-0.021408018509573294
SectionsMaxEntropy,SectionMaxRawsize,0.0056105671108378
SectionsMaxEntropy,SectionsMeanVirtualsize,0.00709603419039864
SectionsMaxEntropy,SectionsMinVirtualsize,-0.019793316010885582
SectionsMaxEntropy,SectionMaxVirtualsize,0.007349026527616991
SectionsMaxEntropy,ImportsNbDLL,-0.0003241987127054274
SectionsMaxEntropy,ImportsNb,-0.0051123606820422576
SectionsMaxEntropy,ImportsNbOrdinal,-0.05044669407940296
SectionsMaxEntropy,ExportNb,-0.03648627026896025
SectionsMaxEntropy,ResourcesNb,-0.038863189343322335
SectionsMaxEntropy,ResourcesMeanEntropy,0.29193521857566723
SectionsMaxEntropy,ResourcesMinEntropy,-0.1790409899424857
SectionsMaxEntropy,ResourcesMaxEntropy,0.3684669821033928
SectionsMaxEntropy,ResourcesMeanSize,-0.002968989751618456
SectionsMaxEntropy,ResourcesMinSize,-0.004659321216404419
SectionsMaxEntropy,ResourcesMaxSize,-0.0005291714556887823
SectionsMaxEntropy,LoadConfigurationSize,0.011432173081180226
SectionsMaxEntropy,VersionInformationSize,0.016608277363176424
SectionsMaxEntropy,legitimate,-0.6242288952544172
SectionsMeanRawsize,SectionsMinRawsize,0.04531149890360397
SectionsMeanRawsize,SectionMaxRawsize,0.9734351814795924
SectionsMeanRawsize,SectionsMeanVirtualsize,0.469062435747056
SectionsMeanRawsize,SectionsMinVirtualsize,0.04543178448324866
SectionsMeanRawsize,SectionMaxVirtualsize,0.45619575209816804
SectionsMeanRawsize,ImportsNbDLL,0.0023338141933630513
SectionsMeanRawsize,ImportsNb,0.015372663293914913
SectionsMeanRawsize,ImportsNbOrdinal,0.034041114364047116
SectionsMeanRawsize,ExportNb,0.0029593366796309547
SectionsMeanRawsize,ResourcesNb,0.029938013937536773
SectionsMeanRawsize,ResourcesMeanEntropy,-0.0012410258736789618
SectionsMeanRawsize,ResourcesMinEntropy,-0.016797781210638102
SectionsMeanRawsize,ResourcesMaxEntropy,0.0020681984796941284
SectionsMeanRawsize,ResourcesMeanSize,0.00016794107341302464
SectionsMeanRawsize,ResourcesMinSize,-6.087181671267733e-05
SectionsMeanRawsize,ResourcesMaxSize,0.001690161376409588
SectionsMeanRawsize,LoadConfigurationSize,-0.00023218303063007387
SectionsMeanRawsize,VersionInformationSize,-0.011085708905544715
SectionsMeanRawsize,legitimate,0.0011747693122504941
SectionsMinRawsize,SectionMaxRawsize,0.01125837662279545
SectionsMinRawsize,SectionsMeanVirtualsize,0.08380330926088597
SectionsMinRawsize,SectionsMinVirtualsize,0.9991652712087342
SectionsMinRawsize,SectionMaxVirtualsize,0.026323979127887333
SectionsMinRawsize,ImportsNbDLL,-0.051472589379958786
SectionsMinRawsize,ImportsNb,-0.030501643345886346
SectionsMinRawsize,ImportsNbOrdinal,0.0014649325374448358
SectionsMinRawsize,ExportNb,-0.0009835883581881084
SectionsMinRawsize,ResourcesNb,0.3421168634829733
SectionsMinRawsize,ResourcesMeanEntropy,0.017204351691091142
SectionsMinRawsize,ResourcesMinEntropy,-0.06661556427941939
SectionsMinRawsize,ResourcesMaxEntropy,0.04031767864147723
SectionsMinRawsize,ResourcesMeanSize,0.002519066692900003
SectionsMinRawsize,ResourcesMinSize,-0.00014620085443504865
SectionsMinRawsize,ResourcesMaxSize,0.004971627897371674
SectionsMinRawsize,LoadConfigurationSize,-0.0008839135894420517
SectionsMinRawsize,VersionInformationSize,0.02449812348135071
SectionsMinRawsize,legitimate,0.05934610318248179
SectionMaxRawsize,SectionsMeanVirtualsize,0.3609916141806633
SectionMaxRawsize,SectionsMinVirtualsize,0.011338330059107476
SectionMaxRawsize,SectionMaxVirtualsize,0.3538914506270273
SectionMaxRawsize,ImportsNbDLL,0.004688615466094208
SectionMaxRawsize,ImportsNb,0.017645862167069173
SectionMaxRawsize,ImportsNbOrdinal,0.034325751739419354
SectionMaxRawsize,ExportNb,0.0034071384944846803
SectionMaxRawsize,ResourcesNb,0.014721681806863254
SectionMaxRawsize,ResourcesMeanEntropy,-0.001177200956102196
SectionMaxRawsize,ResourcesMinEntropy,-0.010789196918728537
SectionMaxRawsize,ResourcesMaxEntropy,0.0004892478074992575
SectionMaxRawsize,ResourcesMeanSize,8.652370913640319e-05
SectionMaxRawsize,ResourcesMinSize,-5.2560229109292605e-05
SectionMaxRawsize,ResourcesMaxSize,0.0017960239872158571
SectionMaxRawsize,LoadConfigurationSize,-0.0002297084068512542
SectionMaxRawsize,VersionInformationSize,-0.012194717183925822
SectionMaxRawsize,legitimate,-0.0007899374894326695
SectionsMeanVirtualsize,SectionsMinVirtualsize,0.08469120587828217
SectionsMeanVirtualsize,SectionMaxVirtualsize,0.9903585267794651
SectionsMeanVirtualsize,ImportsNbDLL,0.010740182988409216
SectionsMeanVirtualsize,ImportsNb,0.01740314027383426
SectionsMeanVirtualsize,ImportsNbOrdinal,0.016056804050973296
SectionsMeanVirtualsize,ExportNb,0.005668259296827236
SectionsMeanVirtualsize,ResourcesNb,0.05881377315969766
SectionsMeanVirtualsize,ResourcesMeanEntropy,0.009851704620889173
SectionsMeanVirtualsize,ResourcesMinEntropy,-0.029276634567163708
SectionsMeanVirtualsize,ResourcesMaxEntropy,0.022196334065825527
SectionsMeanVirtualsize,ResourcesMeanSize,0.00036783956025996246
SectionsMeanVirtualsize,ResourcesMinSize,-0.00010887647380650089
SectionsMeanVirtualsize,ResourcesMaxSize,0.003654265663032834
SectionsMeanVirtualsize,LoadConfigurationSize,0.00021012390029307416
SectionsMeanVirtualsize,VersionInformationSize,-0.007444351941432353
SectionsMeanVirtualsize,legitimate,0.0017340928609451535
SectionsMinVirtualsize,SectionMaxVirtualsize,0.027061254675243028
SectionsMinVirtualsize,ImportsNbDLL,-0.04692692541041698
SectionsMinVirtualsize,ImportsNb,-0.02940081050668065
SectionsMinVirtualsize,ImportsNbOrdinal,0.002093707226990603
SectionsMinVirtualsize,ExportNb,-0.0008244681945566177
SectionsMinVirtualsize,ResourcesNb,0.3436027059662759
SectionsMinVirtualsize,ResourcesMeanEntropy,0.017549136243774674
SectionsMinVirtualsize,ResourcesMinEntropy,-0.07286478468011866
SectionsMinVirtualsize,ResourcesMaxEntropy,0.04388879708627148
SectionsMinVirtualsize,ResourcesMeanSize,0.0029231101303327112
SectionsMinVirtualsize,ResourcesMinSize,-0.00015884937119533258
SectionsMinVirtualsize,ResourcesMaxSize,0.005489387232353641
SectionsMinVirtualsize,LoadConfigurationSize,-0.0009412186024471257
SectionsMinVirtualsize,VersionInformationSize,0.02179488719040091
SectionsMinVirtualsize,legitimate,0.05646594694051181
SectionMaxVirtualsize,ImportsNbDLL,0.016623983116683724
SectionMaxVirtualsize,ImportsNb,0.029586438273287868
SectionMaxVirtualsize,ImportsNbOrdinal,0.0195084353385203
SectionMaxVirtualsize,ExportNb,0.008212053600978021
SectionMaxVirtualsize,ResourcesNb,0.03704023473945815
SectionMaxVirtualsize,ResourcesMeanEntropy,0.0039873071567555025
SectionMaxVirtualsize,ResourcesMinEntropy,-0.02581757772289436
SectionMaxVirtualsize,ResourcesMaxEntropy,0.020005896949742082
SectionMaxVirtualsize,ResourcesMeanSize,0.0002450078904405497
SectionMaxVirtualsize,ResourcesMinSize,-0.00012100925398939998
SectionMaxVirtualsize,ResourcesMaxSize,0.004647948907825038
SectionMaxVirtualsize,LoadConfigurationSize,8.98991522667898e-05
SectionMaxVirtualsize,VersionInformationSize,-0.008827511953017828
SectionMaxVirtualsize,legitimate,-0.0013323253184120635
ImportsNbDLL,ImportsNb,0.6051074097632364
ImportsNbDLL,ImportsNbOrdinal,0.1798003405715045
ImportsNbDLL,ExportNb,0.05961521154364018
ImportsNbDLL,ResourcesNb,0.09778799012470331
ImportsNbDLL,ResourcesMeanEntropy,0.10911607705950288
ImportsNbDLL,ResourcesMinEntropy,-0.22481700671926086
ImportsNbDLL,ResourcesMaxEntropy,0.26216306872009065
ImportsNbDLL,ResourcesMeanSize,-0.005687780788053233
ImportsNbDLL,ResourcesMinSize,-0.0034348752120224027
ImportsNbDLL,ResourcesMaxSize,-0.0040087700323876456
ImportsNbDLL,LoadConfigurationSize,-0.014597314506585057
ImportsNbDLL,VersionInformationSize,-0.028998740666661842
ImportsNbDLL,legitimate,0.03839468439168788
ImportsNb,ImportsNbOrdinal,0.5610251886657969
ImportsNb,ExportNb,0.19793316657654525
ImportsNb,ResourcesNb,0.23822061087034968
ImportsNb,ResourcesMeanEntropy,0.0021569624586243877
ImportsNb,ResourcesMinEntropy,-0.20692842040423012
ImportsNb,ResourcesMaxEntropy,0.18103253361403907
ImportsNb,ResourcesMeanSize,-0.003490328736036174
ImportsNb,ResourcesMinSize,-0.0025323288790495752
ImportsNb,ResourcesMaxSize,-0.0013698296112152025
ImportsNb,LoadConfigurationSize,-0.013606525830522152
ImportsNb,VersionInformationSize,0.03238695667873096
ImportsNb,legitimate,0.1164149452250382
ImportsNbOrdinal,ExportNb,0.04386741682874495
ImportsNbOrdinal,ResourcesNb,0.20334259527661888
ImportsNbOrdinal,ResourcesMeanEntropy,-0.01980961320563075
ImportsNbOrdinal,ResourcesMinEntropy,-0.10312142274562154
ImportsNbOrdinal,ResourcesMaxEntropy,0.05629411540524731
ImportsNbOrdinal,ResourcesMeanSize,0.0028474997870111536
ImportsNbOrdinal,ResourcesMinSize,-0.00034571672952469844
ImportsNbOrdinal,ResourcesMaxSize,0.009624964431179809
ImportsNbOrdinal,LoadConfigurationSize,-0.002226410279247151
ImportsNbOrdinal,VersionInformationSize,0.04858457310691915
ImportsNbOrdinal,legitimate,0.12811153256472235
ExportNb,ResourcesNb,0.045889118284324265
ExportNb,ResourcesMeanEntropy,-0.04872214533148668
ExportNb,ResourcesMinEntropy,-0.03644313598303424
ExportNb,ResourcesMaxEntropy,-0.04384046143380514
ExportNb,ResourcesMeanSize,-0.0005181389075496831
ExportNb,ResourcesMinSize,-0.00025758900836053353
ExportNb,ResourcesMaxSize,-0.0007407584594948773
ExportNb,LoadConfigurationSize,-0.0016760537165894298
ExportNb,VersionInformationSize,0.05273621652646128
ExportNb,legitimate,0.1344076622105028
ResourcesNb,ResourcesMeanEntropy,0.036821373933397565
ResourcesNb,ResourcesMinEntropy,-0.22166686794663104
ResourcesNb,ResourcesMaxEntropy,0.14245465036043276
ResourcesNb,ResourcesMeanSize,-0.0008335764118238341
ResourcesNb,ResourcesMinSize,-0.00043017812933967105
ResourcesNb,ResourcesMaxSize,0.0009841516811735593
ResourcesNb,LoadConfigurationSize,-0.0021444343463611934
ResourcesNb,VersionInformationSize,0.05266622218799132
ResourcesNb,legitimate,0.09040541919378467
ResourcesMeanEntropy,ResourcesMinEntropy,0.23013636264100806
ResourcesMeanEntropy,ResourcesMaxEntropy,0.7445301410444883
ResourcesMeanEntropy,ResourcesMeanSize,0.009115659884052158
ResourcesMeanEntropy,ResourcesMinSize,0.009332386038534512
ResourcesMeanEntropy,ResourcesMaxSize,0.004835607366262674
ResourcesMeanEntropy,LoadConfigurationSize,-4.334371364314068e-05
ResourcesMeanEntropy,VersionInformationSize,-0.045176831248891
ResourcesMeanEntropy,legitimate,-0.20243248884558082
ResourcesMinEntropy,ResourcesMaxEntropy,-0.2007425680578692
ResourcesMinEntropy,ResourcesMeanSize,0.01294341198399795
ResourcesMinEntropy,ResourcesMinSize,0.01808053557511533
ResourcesMinEntropy,ResourcesMaxSize,-0.00033154769783762944
ResourcesMinEntropy,LoadConfigurationSize,-0.04073229271842067
ResourcesMinEntropy,VersionInformationSize,0.11367519982721798
ResourcesMinEntropy,legitimate,0.2991116482697025
ResourcesMaxEntropy,ResourcesMeanSize,0.006767393754370021
ResourcesMaxEntropy,ResourcesMinSize,0.0038507210383775495
ResourcesMaxEntropy,ResourcesMaxSize,0.008419151337503754
ResourcesMaxEntropy,LoadConfigurationSize,0.016070941308231817
ResourcesMaxEntropy,VersionInformationSize,-0.23822337651673983
ResourcesMaxEntropy,legitimate,-0.39285518732653824
ResourcesMeanSize,ResourcesMinSize,0.8337133038816062
ResourcesMeanSize,ResourcesMaxSize,0.7098699037594048
ResourcesMeanSize,LoadConfigurationSize,5.808222697278679e-05
ResourcesMeanSize,VersionInformationSize,-0.005255412971340332
ResourcesMeanSize,legitimate,-0.0038239878245564384
ResourcesMinSize,ResourcesMaxSize,0.30598418371878294
ResourcesMinSize,LoadConfigurationSize,1.9030780377275755e-05
ResourcesMinSize,VersionInformationSize,-0.005015377197825166
ResourcesMinSize,legitimate,-0.0017744456614233667
ResourcesMaxSize,LoadConfigurationSize,-2.0156349865343166e-05
ResourcesMaxSize,VersionInformationSize,-0.004952957351690589
ResourcesMaxSize,legitimate,-0.005529135550366609
LoadConfigurationSize,VersionInformationSize,-0.028770510002300156
LoadConfigurationSize,legitimate,-0.011665751138966125
VersionInformationSize,legitimate,0.3796459638969436
